source,target,weight,id
10.17660/actahortic.2016.1109.1,10.1109/CVPR.2016.91,1.0,19866
10.17660/actahortic.2016.1109.1,10.17660/actahortic.2016.1109.1,1.0,19867
10.1360/n032016-00073,10.17660/actahortic.2016.1109.1,1.0,19868
10.1126/science.353.6304.1109-a,10.17660/actahortic.2016.1109.1,1.0,19869
10.1126/science.353.6304.1109-a,10.1126/science.353.6304.1109-a,1.0,19870
10.1126/science.353.6304.1109-a,10.1126/science.353.6304.1109-b,1.0,19871
10.1126/science.353.6304.1109-a,10.1126/science.353.6304.1109-c,1.0,19872
10.1126/science.353.6304.1109-b,10.17660/actahortic.2016.1109.1,1.0,19873
10.1126/science.353.6304.1109-b,10.1126/science.353.6304.1109-a,1.0,19874
10.1126/science.353.6304.1109-b,10.1126/science.353.6304.1109-b,1.0,19875
10.1126/science.353.6304.1109-b,10.1126/science.353.6304.1109-c,1.0,19876
10.1126/science.353.6304.1109-c,10.17660/actahortic.2016.1109.1,1.0,19877
10.1126/science.353.6304.1109-c,10.1126/science.353.6304.1109-a,1.0,19878
10.1126/science.353.6304.1109-c,10.1126/science.353.6304.1109-b,1.0,19879
10.1126/science.353.6304.1109-c,10.1126/science.353.6304.1109-c,1.0,19880
10.1126/science.aal2190,10.17660/actahortic.2016.1109.1,1.0,19881
10.3934/mbe.2023784,10.17660/actahortic.2016.1109.1,1.0,19882
10.1108/mf-10-2015-0291,10.17660/actahortic.2016.1109.1,1.0,19883
10.1108/mf-10-2015-0291,10.1108/mf-10-2015-0291,1.0,19884
10.1118/1.4961986,10.17660/actahortic.2016.1109.1,1.0,19885
10.1111/soc4.12440,10.17660/actahortic.2016.1109.1,1.0,19886
10.1126/science.aal2188,10.17660/actahortic.2016.1109.1,1.0,19887
10.1111/codi.13520,10.17660/actahortic.2016.1109.1,1.0,19888
10.1111/codi.13520,10.1111/codi.13520,1.0,19889
10.1002/bies.201600151,10.17660/actahortic.2016.1109.1,1.0,19890
10.1002/bies.201600151,10.1002/bies.201600151,1.0,19891
10.1002/bies.201600151,10.1002/bies.201600149,1.0,19892
10.1002/bies.201600151,10.21608/jpp.2016.46944,1.0,19893
10.1002/bies.201600151,10.37394/232019.2023.10.1,1.0,19894
10.1002/bies.201600149,10.17660/actahortic.2016.1109.1,1.0,19895
10.1002/bies.201600149,10.1002/bies.201600151,1.0,19896
10.1002/bies.201600149,10.1002/bies.201600149,1.0,19897
10.1002/bies.201600149,10.21608/jpp.2016.46944,1.0,19898
10.1002/bies.201600149,10.37394/232019.2023.10.1,1.0,19899
10.21608/jpp.2016.46944,10.17660/actahortic.2016.1109.1,1.0,19900
10.1177/0022034516648264,10.17660/actahortic.2016.1109.1,1.0,19901
10.1177/0022034516648264,10.1177/0022034516648264,1.0,19902
10.1158/1538-7445.am2016-1109,10.17660/actahortic.2016.1109.1,1.0,19903
10.1158/1538-7445.am2016-1109,10.1158/1538-7445.am2016-1109,1.0,19904
10.12988/ijma.2016.6795,10.17660/actahortic.2016.1109.1,1.0,19905
10.12988/ijma.2016.6795,10.12988/ijma.2016.6795,1.0,19906
10.1097/meg.0000000000000695,10.17660/actahortic.2016.1109.1,1.0,19907
10.37394/232019.2023.10.1,10.17660/actahortic.2016.1109.1,1.0,19908
10.1299/jamdsm.2016jamdsm0036,10.17660/actahortic.2016.1109.1,1.0,19909
10.1299/jamdsm.2016jamdsm0036,10.1299/jamdsm.2016jamdsm0036,1.0,19910
10.1080/17474124.2016.1196131,10.17660/actahortic.2016.1109.1,1.0,19911
10.1080/13543776.2016.1230202,10.17660/actahortic.2016.1109.1,1.0,19912
10.1002/humu.23022,10.17660/actahortic.2016.1109.1,1.0,19913
10.1002/bies.201600172,10.17660/actahortic.2016.1109.1,1.0,19914
10.1002/bies.201600172,10.1002/bies.201600151,1.0,19915
10.1002/bies.201600172,10.1002/bies.201600149,1.0,19916
10.56083/rcv3n10-054,10.17660/actahortic.2016.1109.1,1.0,19917
10.1176/appi.ps.201500239,10.17660/actahortic.2016.1109.1,1.0,19918
10.12988/ams.2016.6242,10.17660/actahortic.2016.1109.1,1.0,19919
10.37394/232019.2022.9.2,10.17660/actahortic.2016.1109.1,1.0,19920
10.1080/17451000.2016.1228973,10.17660/actahortic.2016.1109.1,1.0,19921
10.1002/pen.24343,10.17660/actahortic.2016.1109.1,1.0,19922
10.1126/science.353.6304.1109-o,10.17660/actahortic.2016.1109.1,1.0,19923
10.1126/science.353.6304.1109-o,10.1126/science.353.6304.1109-a,1.0,19924
10.1126/science.353.6304.1109-o,10.1126/science.353.6304.1109-b,1.0,19925
10.1126/science.353.6304.1109-o,10.1126/science.353.6304.1109-c,1.0,19926
10.1126/science.353.6304.1109-r,10.17660/actahortic.2016.1109.1,1.0,19927
10.1126/science.353.6304.1109-r,10.1126/science.353.6304.1109-a,1.0,19928
10.1126/science.353.6304.1109-r,10.1126/science.353.6304.1109-b,1.0,19929
10.1126/science.353.6304.1109-r,10.1126/science.353.6304.1109-c,1.0,19930
10.18576/amis/100301,10.17660/actahortic.2016.1109.1,1.0,19931
10.1126/science.353.6304.1109-j,10.17660/actahortic.2016.1109.1,1.0,19932
10.1126/science.353.6304.1109-j,10.1126/science.353.6304.1109-a,1.0,19933
10.1126/science.353.6304.1109-j,10.1126/science.353.6304.1109-b,1.0,19934
10.1126/science.353.6304.1109-j,10.1126/science.353.6304.1109-c,1.0,19935
10.1017/s0022215116001687,10.17660/actahortic.2016.1109.1,1.0,19936
10.1126/science.353.6304.1109-k,10.17660/actahortic.2016.1109.1,1.0,19937
10.1126/science.353.6304.1109-k,10.1126/science.353.6304.1109-a,1.0,19938
10.1126/science.353.6304.1109-k,10.1126/science.353.6304.1109-b,1.0,19939
10.1126/science.353.6304.1109-k,10.1126/science.353.6304.1109-c,1.0,19940
10.14310/horm.2002.1698,10.17660/actahortic.2016.1109.1,1.0,19941
10.1093/jpepsy/jsw049,10.17660/actahortic.2016.1109.1,1.0,19942
10.1126/science.353.6304.1109-s,10.17660/actahortic.2016.1109.1,1.0,19943
10.1126/science.353.6304.1109-s,10.1126/science.353.6304.1109-a,1.0,19944
10.1126/science.353.6304.1109-s,10.1126/science.353.6304.1109-b,1.0,19945
10.1126/science.353.6304.1109-s,10.1126/science.353.6304.1109-c,1.0,19946
10.1126/science.353.6304.1109-g,10.17660/actahortic.2016.1109.1,1.0,19947
10.1126/science.353.6304.1109-g,10.1126/science.353.6304.1109-a,1.0,19948
10.1126/science.353.6304.1109-g,10.1126/science.353.6304.1109-b,1.0,19949
10.1126/science.353.6304.1109-g,10.1126/science.353.6304.1109-c,1.0,19950
10.1126/science.353.6304.1109-q,10.17660/actahortic.2016.1109.1,1.0,19951
10.1126/science.353.6304.1109-q,10.1126/science.353.6304.1109-a,1.0,19952
10.1126/science.353.6304.1109-q,10.1126/science.353.6304.1109-b,1.0,19953
10.1126/science.353.6304.1109-q,10.1126/science.353.6304.1109-c,1.0,19954
10.1126/science.353.6304.1109-t,10.17660/actahortic.2016.1109.1,1.0,19955
10.1126/science.353.6304.1109-t,10.1126/science.353.6304.1109-a,1.0,19956
10.1126/science.353.6304.1109-t,10.1126/science.353.6304.1109-b,1.0,19957
10.1126/science.353.6304.1109-t,10.1126/science.353.6304.1109-c,1.0,19958
10.18256/2318-1109/arqimed.v5n2p10-23,10.17660/actahortic.2016.1109.1,1.0,19959
10.1299/mej.19-00073,10.1360/n032016-00073,1.0,19960
10.3390/jmse9121319,10.1360/n032016-00073,1.0,19961
10.3390/ma15227922,10.1360/n032016-00073,1.0,19962
10.3390/cli10100144,10.1360/n032016-00073,1.0,19963
10.1299/transjsme.19-00073,10.1360/n032016-00073,1.0,19964
10.1044/2022_jslhr-22-00073,10.1360/n032016-00073,1.0,19965
10.3390/su14095651,10.1360/n032016-00073,1.0,19966
10.3390/math10030370,10.1360/n032016-00073,1.0,19967
10.1051/e3sconf/20161000073,10.1360/n032016-00073,1.0,19968
10.4236/health.2018.106055,10.1360/n032016-00073,1.0,19969
10.4236/health.2018.106055,10.1126/science.aal2190,1.0,19970
10.4236/health.2018.106055,10.3934/mbe.2023784,1.0,19971
10.4236/health.2018.106055,10.1118/1.4961986,1.0,19972
10.4236/health.2018.106055,10.1126/science.aal2188,1.0,19973
10.4236/health.2018.106055,10.1002/bies.201600151,1.0,19974
10.4236/health.2018.106055,10.1002/bies.201600149,1.0,19975
10.4236/health.2018.106055,10.1177/0022034516648264,1.0,19976
10.4236/health.2018.106055,10.1097/meg.0000000000000695,1.0,19977
10.4236/health.2018.106055,10.37394/232019.2023.10.1,1.0,19978
10.4236/health.2018.106055,10.1299/jamdsm.2016jamdsm0036,1.0,19979
10.3390/jof7100829,10.1360/n032016-00073,1.0,19980
10.1299/transjsme.16-00073,10.1360/n032016-00073,1.0,19981
10.1299/jbse.21-00073,10.1360/n032016-00073,1.0,19982
10.1111/tid.13778,10.1360/n032016-00073,1.0,19983
10.7717/peerj.13888,10.1360/n032016-00073,1.0,19984
10.7146/ojssb.v10i9.116300,10.1360/n032016-00073,1.0,19985
10.7146/ojssb.v10i9.116300,10.1126/science.aal2190,1.0,19986
10.7146/ojssb.v10i9.116300,10.1118/1.4961986,1.0,19987
10.7146/ojssb.v10i9.116300,10.1126/science.aal2188,1.0,19988
10.7146/ojssb.v10i9.116300,10.1002/bies.201600151,1.0,19989
10.7146/ojssb.v10i9.116300,10.1002/bies.201600149,1.0,19990
10.7146/ojssb.v10i9.116300,10.1177/0022034516648264,1.0,19991
10.7146/ojssb.v10i9.116300,10.1097/meg.0000000000000695,1.0,19992
10.7146/ojssb.v10i9.116300,10.37394/232019.2023.10.1,1.0,19993
10.7146/ojssb.v11i10.121375,10.1360/n032016-00073,1.0,19994
10.7146/ojssb.v11i10.121375,10.1126/science.aal2190,1.0,19995
10.7146/ojssb.v11i10.121375,10.1118/1.4961986,1.0,19996
10.7146/ojssb.v11i10.121375,10.1126/science.aal2188,1.0,19997
10.7146/ojssb.v11i10.121375,10.1002/bies.201600151,1.0,19998
10.7146/ojssb.v11i10.121375,10.1002/bies.201600149,1.0,19999
10.7146/ojssb.v11i10.121375,10.1177/0022034516648264,1.0,20000
10.7146/ojssb.v11i10.121375,10.1097/meg.0000000000000695,1.0,20001
10.7146/ojssb.v11i10.121375,10.37394/232019.2023.10.1,1.0,20002
10.1136/jitc-2021-004159,10.1360/n032016-00073,1.0,20003
10.1136/jitc-2021-004159,10.1126/science.aal2190,1.0,20004
10.1136/jitc-2021-004159,10.1118/1.4961986,1.0,20005
10.1136/jitc-2021-004159,10.1126/science.aal2188,1.0,20006
10.1136/jitc-2021-004159,10.1177/0022034516648264,1.0,20007
10.1136/jitc-2021-004159,10.1097/meg.0000000000000695,1.0,20008
10.1136/jitc-2021-004159,10.37394/232019.2023.10.1,1.0,20009
10.1080/02688697.2019.1672861,10.1360/n032016-00073,1.0,20010
10.7146/ojssb.v10i9.116285,10.1360/n032016-00073,1.0,20011
10.7146/ojssb.v10i9.116285,10.1118/1.4961986,1.0,20012
10.7146/ojssb.v10i9.116285,10.1177/0022034516648264,1.0,20013
10.7146/ojssb.v10i9.116285,10.1097/meg.0000000000000695,1.0,20014
10.7146/ojssb.v10i9.116285,10.37394/232019.2023.10.1,1.0,20015
10.31618/esu.2413-9335.2020.6.72.652,10.1360/n032016-00073,1.0,20016
10.31618/esu.2413-9335.2020.6.72.652,10.1118/1.4961986,1.0,20017
10.31618/esu.2413-9335.2020.6.72.652,10.1177/0022034516648264,1.0,20018
10.31618/esu.2413-9335.2020.6.72.652,10.1097/meg.0000000000000695,1.0,20019
10.31618/esu.2413-9335.2020.6.72.652,10.37394/232019.2023.10.1,1.0,20020
10.5752/p.1983-2478.2015v10n17p113,10.1360/n032016-00073,1.0,20021
10.5752/p.1983-2478.2015v10n17p113,10.1108/mf-10-2015-0291,1.0,20022
10.5752/p.1983-2478.2015v10n17p113,10.1118/1.4961986,1.0,20023
10.5752/p.1983-2478.2015v10n17p113,10.1177/0022034516648264,1.0,20024
10.5752/p.1983-2478.2015v10n17p113,10.1097/meg.0000000000000695,1.0,20025
10.5752/p.1983-2478.2015v10n17p113,10.37394/232019.2023.10.1,1.0,20026
10.1049/iet-map.2018.5766,10.1360/n032016-00073,1.0,20027
10.5752/p.1983-2478.2015v10n17p25,10.1360/n032016-00073,1.0,20028
10.5752/p.1983-2478.2015v10n17p25,10.1108/mf-10-2015-0291,1.0,20029
10.5752/p.1983-2478.2015v10n17p25,10.1118/1.4961986,1.0,20030
10.5752/p.1983-2478.2015v10n17p25,10.1177/0022034516648264,1.0,20031
10.5752/p.1983-2478.2015v10n17p25,10.1097/meg.0000000000000695,1.0,20032
10.5752/p.1983-2478.2015v10n17p25,10.37394/232019.2023.10.1,1.0,20033
10.1080/10426914.2020.1729988,10.1360/n032016-00073,1.0,20034
10.3390/en15218224,10.1360/n032016-00073,1.0,20035
10.3390/w10101360,10.1360/n032016-00073,1.0,20036
10.5752/p.1983-2478.2015v10n17p13,10.1360/n032016-00073,1.0,20037
10.5752/p.1983-2478.2015v10n17p13,10.1108/mf-10-2015-0291,1.0,20038
10.5752/p.1983-2478.2015v10n17p13,10.1118/1.4961986,1.0,20039
10.5752/p.1983-2478.2015v10n17p13,10.1177/0022034516648264,1.0,20040
10.5752/p.1983-2478.2015v10n17p13,10.1097/meg.0000000000000695,1.0,20041
10.5752/p.1983-2478.2015v10n17p13,10.37394/232019.2023.10.1,1.0,20042
10.7191/jeslib.2021.1180,10.1360/n032016-00073,1.0,20043
10.7191/jeslib.2021.1180,10.1118/1.4961986,1.0,20044
10.7191/jeslib.2021.1180,10.1177/0022034516648264,1.0,20045
10.7191/jeslib.2021.1180,10.1097/meg.0000000000000695,1.0,20046
10.7191/jeslib.2021.1180,10.37394/232019.2023.10.1,1.0,20047
10.1080/02688697.2019.1672860,10.1360/n032016-00073,1.0,20048
10.5752/p.1983-2478.2015v10n17p48,10.1360/n032016-00073,1.0,20049
10.5752/p.1983-2478.2015v10n17p48,10.1108/mf-10-2015-0291,1.0,20050
10.5752/p.1983-2478.2015v10n17p48,10.1118/1.4961986,1.0,20051
10.5752/p.1983-2478.2015v10n17p48,10.1177/0022034516648264,1.0,20052
10.5752/p.1983-2478.2015v10n17p48,10.1097/meg.0000000000000695,1.0,20053
10.5752/p.1983-2478.2015v10n17p48,10.37394/232019.2023.10.1,1.0,20054
10.1080/08912963.2022.2109966,10.1360/n032016-00073,1.0,20055
10.5194/egusphere-egu21-15081,10.1360/n032016-00073,1.0,20056
10.5194/egusphere-egu21-15081,10.1118/1.4961986,1.0,20057
10.5194/egusphere-egu21-15081,10.1177/0022034516648264,1.0,20058
10.3390/educsci12100672,10.1360/n032016-00073,1.0,20059
10.2298/fil2210241j,10.1360/n032016-00073,1.0,20060
10.2298/fil2210241j,10.1118/1.4961986,1.0,20061
10.2298/fil2210241j,10.1177/0022034516648264,1.0,20062
10.2298/fil2210241j,10.37394/232019.2023.10.1,1.0,20063
10.46943/i.realize.eventos.2021.001,10.1360/n032016-00073,1.0,20064
10.46943/i.realize.eventos.2021.001,10.1118/1.4961986,1.0,20065
10.46943/i.realize.eventos.2021.001,10.1177/0022034516648264,1.0,20066
10.1371/journal.pone.0258856,10.1360/n032016-00073,1.0,20067
10.1371/journal.pone.0258856,10.1118/1.4961986,1.0,20068
10.1371/journal.pone.0258856,10.1177/0022034516648264,1.0,20069
10.1371/journal.pone.0258856,10.37394/232019.2023.10.1,1.0,20070
10.1299/transjsme.17-00073,10.1360/n032016-00073,1.0,20071
10.1051/e3sconf/20184500073,10.1360/n032016-00073,1.0,20072
10.3390/cli11100206,10.1360/n032016-00073,1.0,20073
10.5153/sro.3848,10.1360/n032016-00073,1.0,20074
10.1051/matecconf/202235400073,10.1360/n032016-00073,1.0,20075
10.1177/10775463221077490,10.1360/n032016-00073,1.0,20076
10.1126/science.353.6304.1109-e,10.1126/science.353.6304.1109-a,1.0,20077
10.1126/science.353.6304.1109-e,10.1126/science.353.6304.1109-b,1.0,20078
10.1126/science.353.6304.1109-e,10.1126/science.353.6304.1109-c,1.0,20079
10.1126/science.353.6304.1109-i,10.1126/science.353.6304.1109-a,1.0,20080
10.1126/science.353.6304.1109-i,10.1126/science.353.6304.1109-b,1.0,20081
10.1126/science.353.6304.1109-i,10.1126/science.353.6304.1109-c,1.0,20082
10.1126/science.353.6304.1110-c,10.1126/science.353.6304.1109-a,1.0,20083
10.1126/science.353.6304.1110-c,10.1126/science.353.6304.1109-b,1.0,20084
10.1126/science.353.6304.1110-c,10.1126/science.353.6304.1109-c,1.0,20085
10.1126/science.353.6304.1110-b,10.1126/science.353.6304.1109-a,1.0,20086
10.1126/science.353.6304.1110-b,10.1126/science.353.6304.1109-b,1.0,20087
10.1126/science.353.6304.1110-b,10.1126/science.353.6304.1109-c,1.0,20088
10.1126/science.353.6304.1110-f,10.1126/science.353.6304.1109-a,1.0,20089
10.1126/science.353.6304.1110-f,10.1126/science.353.6304.1109-b,1.0,20090
10.1126/science.353.6304.1110-f,10.1126/science.353.6304.1109-c,1.0,20091
10.9771/rvh.v10i1.47963,10.1126/science.353.6304.1109-a,1.0,20092
10.9771/rvh.v10i1.47963,10.1126/science.353.6304.1109-b,1.0,20093
10.9771/rvh.v10i1.47963,10.1126/science.353.6304.1109-c,1.0,20094
10.1126/science.353.6304.1174,10.1126/science.353.6304.1109-a,1.0,20095
10.1126/science.353.6304.1174,10.1126/science.353.6304.1109-b,1.0,20096
10.1126/science.353.6304.1174,10.1126/science.353.6304.1109-c,1.0,20097
10.1126/science.353.6304.1079,10.1126/science.353.6304.1109-a,1.0,20098
10.1126/science.353.6304.1079,10.1126/science.353.6304.1109-b,1.0,20099
10.1126/science.353.6304.1079,10.1126/science.353.6304.1109-c,1.0,20100
10.1126/science.353.6304.1078,10.1126/science.353.6304.1109-a,1.0,20101
10.1126/science.353.6304.1078,10.1126/science.353.6304.1109-b,1.0,20102
10.1126/science.353.6304.1078,10.1126/science.353.6304.1109-c,1.0,20103
10.1126/science.353.6304.1081,10.1126/science.353.6304.1109-a,1.0,20104
10.1126/science.353.6304.1081,10.1126/science.353.6304.1109-b,1.0,20105
10.1126/science.353.6304.1081,10.1126/science.353.6304.1109-c,1.0,20106
10.1126/science.aai9078,10.1126/science.353.6304.1109-a,1.0,20107
10.1126/science.aai9078,10.1126/science.353.6304.1109-b,1.0,20108
10.1126/science.aai9078,10.1126/science.353.6304.1109-c,1.0,20109
10.1126/science.353.6304.1110-e,10.1126/science.353.6304.1109-a,1.0,20110
10.1126/science.353.6304.1110-e,10.1126/science.353.6304.1109-b,1.0,20111
10.1126/science.353.6304.1110-e,10.1126/science.353.6304.1109-c,1.0,20112
10.1126/science.353.6304.1086,10.1126/science.353.6304.1109-a,1.0,20113
10.1126/science.353.6304.1086,10.1126/science.353.6304.1109-b,1.0,20114
10.1126/science.353.6304.1086,10.1126/science.353.6304.1109-c,1.0,20115
10.1126/science.353.6304.1085,10.1126/science.353.6304.1109-a,1.0,20116
10.1126/science.353.6304.1085,10.1126/science.353.6304.1109-b,1.0,20117
10.1126/science.353.6304.1085,10.1126/science.353.6304.1109-c,1.0,20118
10.1126/science.aah5641,10.1126/science.353.6304.1109-a,1.0,20119
10.1126/science.aah5641,10.1126/science.353.6304.1109-b,1.0,20120
10.1126/science.aah5641,10.1126/science.353.6304.1109-c,1.0,20121
10.1126/science.aad9837,10.1126/science.353.6304.1109-a,1.0,20122
10.1126/science.aad9837,10.1126/science.353.6304.1109-b,1.0,20123
10.1126/science.aad9837,10.1126/science.353.6304.1109-c,1.0,20124
10.1126/science.353.6304.1080,10.1126/science.353.6304.1109-a,1.0,20125
10.1126/science.353.6304.1080,10.1126/science.353.6304.1109-b,1.0,20126
10.1126/science.353.6304.1080,10.1126/science.353.6304.1109-c,1.0,20127
10.4254/wjh.v15.i10.1109,10.1126/science.353.6304.1109-a,1.0,20128
10.4254/wjh.v15.i10.1109,10.1126/science.353.6304.1109-b,1.0,20129
10.4254/wjh.v15.i10.1109,10.1126/science.353.6304.1109-c,1.0,20130
10.1126/science.353.6304.1077,10.1126/science.353.6304.1109-a,1.0,20131
10.1126/science.353.6304.1077,10.1126/science.353.6304.1109-b,1.0,20132
10.1126/science.353.6304.1077,10.1126/science.353.6304.1109-c,1.0,20133
10.1126/science.aah6192,10.1126/science.353.6304.1109-a,1.0,20134
10.1126/science.aah6192,10.1126/science.353.6304.1109-b,1.0,20135
10.1126/science.aah6192,10.1126/science.353.6304.1109-c,1.0,20136
10.1126/science.aah4926,10.1126/science.353.6304.1109-a,1.0,20137
10.1126/science.aah4926,10.1126/science.353.6304.1109-b,1.0,20138
10.1126/science.aah4926,10.1126/science.353.6304.1109-c,1.0,20139
10.5117/mab.35.11333,10.1126/science.353.6304.1109-a,1.0,20140
10.5117/mab.35.11333,10.1126/science.353.6304.1109-b,1.0,20141
10.5117/mab.35.11333,10.1126/science.353.6304.1109-c,1.0,20142
10.1126/science.aai7862,10.1126/science.353.6304.1109-a,1.0,20143
10.1126/science.aai7862,10.1126/science.353.6304.1109-b,1.0,20144
10.1126/science.aai7862,10.1126/science.353.6304.1109-c,1.0,20145
10.26436/hjuoz.2022.10.4.934,10.1126/science.353.6304.1109-a,1.0,20146
10.26436/hjuoz.2022.10.4.934,10.1126/science.353.6304.1109-b,1.0,20147
10.26436/hjuoz.2022.10.4.934,10.1126/science.353.6304.1109-c,1.0,20148
10.1126/science.aaf9754,10.1126/science.353.6304.1109-a,1.0,20149
10.1126/science.aaf9754,10.1126/science.353.6304.1109-b,1.0,20150
10.1126/science.aaf9754,10.1126/science.353.6304.1109-c,1.0,20151
10.2174/1389450118666170718151913,10.1126/science.353.6304.1109-a,1.0,20152
10.2174/1389450118666170718151913,10.1126/science.353.6304.1109-b,1.0,20153
10.2174/1389450118666170718151913,10.1126/science.353.6304.1109-c,1.0,20154
10.1039/d3rp00149k,10.1126/science.353.6304.1109-a,1.0,20155
10.1039/d3rp00149k,10.1126/science.353.6304.1109-b,1.0,20156
10.1039/d3rp00149k,10.1126/science.353.6304.1109-c,1.0,20157
10.1353/sor.2007.0060,10.1126/science.353.6304.1109-a,1.0,20158
10.1353/sor.2007.0060,10.1126/science.353.6304.1109-b,1.0,20159
10.1353/sor.2007.0060,10.1126/science.353.6304.1109-c,1.0,20160
10.1093/ia/iiad088,10.1126/science.353.6304.1109-a,1.0,20161
10.1093/ia/iiad088,10.1126/science.353.6304.1109-b,1.0,20162
10.1093/ia/iiad088,10.1126/science.353.6304.1109-c,1.0,20163
10.1126/science.aaf5508,10.1126/science.353.6304.1109-a,1.0,20164
10.1126/science.aaf5508,10.1126/science.353.6304.1109-b,1.0,20165
10.1126/science.aaf5508,10.1126/science.353.6304.1109-c,1.0,20166
10.1080/0194262x.2020.1780539,10.1126/science.353.6304.1109-a,1.0,20167
10.1080/0194262x.2020.1780539,10.1126/science.353.6304.1109-b,1.0,20168
10.1080/0194262x.2020.1780539,10.1126/science.353.6304.1109-c,1.0,20169
10.59866/eia.v2i54.233,10.1126/science.353.6304.1109-a,1.0,20170
10.59866/eia.v2i54.233,10.1126/science.353.6304.1109-b,1.0,20171
10.59866/eia.v2i54.233,10.1126/science.353.6304.1109-c,1.0,20172
10.1126/science.aag0013,10.1126/science.353.6304.1109-a,1.0,20173
10.1126/science.aag0013,10.1126/science.353.6304.1109-b,1.0,20174
10.1126/science.aag0013,10.1126/science.353.6304.1109-c,1.0,20175
10.1080/0194262x.2022.2098892,10.1126/science.353.6304.1109-a,1.0,20176
10.1080/0194262x.2022.2098892,10.1126/science.353.6304.1109-b,1.0,20177
10.1080/0194262x.2022.2098892,10.1126/science.353.6304.1109-c,1.0,20178
10.1126/science.aaf5062,10.1126/science.353.6304.1109-a,1.0,20179
10.1126/science.aaf5062,10.1126/science.353.6304.1109-b,1.0,20180
10.1126/science.aaf5062,10.1126/science.353.6304.1109-c,1.0,20181
10.1515/dzph-2017-0074,10.1126/science.353.6304.1109-a,1.0,20182
10.1515/dzph-2017-0074,10.1126/science.353.6304.1109-b,1.0,20183
10.1515/dzph-2017-0074,10.1126/science.353.6304.1109-c,1.0,20184
10.1126/science.aah4388,10.1126/science.353.6304.1109-a,1.0,20185
10.1126/science.aah4388,10.1126/science.353.6304.1109-b,1.0,20186
10.1126/science.aah4388,10.1126/science.353.6304.1109-c,1.0,20187
10.3390/geotechnics2040052,10.1126/science.353.6304.1109-a,1.0,20188
10.3390/geotechnics2040052,10.1126/science.353.6304.1109-b,1.0,20189
10.3390/geotechnics2040052,10.1126/science.353.6304.1109-c,1.0,20190
10.17816/kazmj80430,10.1126/science.353.6304.1109-a,1.0,20191
10.17816/kazmj80430,10.1126/science.353.6304.1109-b,1.0,20192
10.17816/kazmj80430,10.1126/science.353.6304.1109-c,1.0,20193
10.17816/kazmj80430,10.1126/science.aal2190,1.0,20194
10.17816/kazmj80430,10.1126/science.aal2188,1.0,20195
10.34152/fe.15.2.353-368,10.1126/science.353.6304.1109-a,1.0,20196
10.34152/fe.15.2.353-368,10.1126/science.353.6304.1109-b,1.0,20197
10.34152/fe.15.2.353-368,10.1126/science.353.6304.1109-c,1.0,20198
10.3917/reru.165.1109,10.1126/science.353.6304.1109-a,1.0,20199
10.3917/reru.165.1109,10.1126/science.353.6304.1109-b,1.0,20200
10.3917/reru.165.1109,10.1126/science.353.6304.1109-c,1.0,20201
10.1080/02626667.2023.2206032,10.1126/science.353.6304.1109-a,1.0,20202
10.1080/02626667.2023.2206032,10.1126/science.353.6304.1109-b,1.0,20203
10.1080/02626667.2023.2206032,10.1126/science.353.6304.1109-c,1.0,20204
10.1108/imds-06-2016-0207,10.1126/science.353.6304.1109-a,1.0,20205
10.1108/imds-06-2016-0207,10.1126/science.353.6304.1109-b,1.0,20206
10.1108/imds-06-2016-0207,10.1126/science.353.6304.1109-c,1.0,20207
10.1039/c6rp00168h,10.1126/science.353.6304.1109-a,1.0,20208
10.1039/c6rp00168h,10.1126/science.353.6304.1109-b,1.0,20209
10.1039/c6rp00168h,10.1126/science.353.6304.1109-c,1.0,20210
10.54648/trad2010042,10.1126/science.353.6304.1109-a,1.0,20211
10.54648/trad2010042,10.1126/science.353.6304.1109-b,1.0,20212
10.54648/trad2010042,10.1126/science.353.6304.1109-c,1.0,20213
10.1126/science.aaf6919,10.1126/science.353.6304.1109-a,1.0,20214
10.1126/science.aaf6919,10.1126/science.353.6304.1109-b,1.0,20215
10.1126/science.aaf6919,10.1126/science.353.6304.1109-c,1.0,20216
10.1126/science.aag0822,10.1126/science.353.6304.1109-a,1.0,20217
10.1126/science.aag0822,10.1126/science.353.6304.1109-b,1.0,20218
10.1126/science.aag0822,10.1126/science.353.6304.1109-c,1.0,20219
10.4000/abstractairanica.36381,10.1126/science.353.6304.1109-a,1.0,20220
10.4000/abstractairanica.36381,10.1126/science.353.6304.1109-b,1.0,20221
10.4000/abstractairanica.36381,10.1126/science.353.6304.1109-c,1.0,20222
10.21608/mjae.2016.97796,10.1126/science.353.6304.1109-a,1.0,20223
10.21608/mjae.2016.97796,10.1126/science.353.6304.1109-b,1.0,20224
10.21608/mjae.2016.97796,10.1126/science.353.6304.1109-c,1.0,20225
10.1126/science.aan5213,10.1126/science.353.6304.1109-a,1.0,20226
10.1126/science.aan5213,10.1126/science.353.6304.1109-b,1.0,20227
10.1126/science.aan5213,10.1126/science.353.6304.1109-c,1.0,20228
10.1126/science.aan5213,10.1126/science.aal2190,1.0,20229
10.1126/science.aan5213,10.1126/science.aal2188,1.0,20230
10.1126/science.351.6278.1126,10.1126/science.353.6304.1109-a,1.0,20231
10.1126/science.351.6278.1126,10.1126/science.353.6304.1109-b,1.0,20232
10.1126/science.351.6278.1126,10.1126/science.353.6304.1109-c,1.0,20233
10.1126/science.351.6278.1126,10.1126/science.aal2190,1.0,20234
10.1126/science.351.6278.1126,10.1126/science.aal2188,1.0,20235
10.3390/toxics10070406,10.1126/science.353.6304.1109-a,1.0,20236
10.3390/toxics10070406,10.1126/science.353.6304.1109-b,1.0,20237
10.3390/toxics10070406,10.1126/science.353.6304.1109-c,1.0,20238
10.1080/09540253.2019.1608355,10.1126/science.353.6304.1109-b,1.0,20239
10.1093/ajhp/52.10.1126,10.1126/science.aal2190,1.0,20240
10.1093/ajhp/52.10.1126,10.1126/science.aal2188,1.0,20241
10.22214/ijraset.2021.38582,10.1126/science.aal2190,1.0,20242
10.22214/ijraset.2021.38582,10.1126/science.aal2188,1.0,20243
10.1111/dmcn.14194,10.1126/science.aal2190,1.0,20244
10.1111/dmcn.14194,10.1126/science.aal2188,1.0,20245
10.7133/jca.17-00041,10.1126/science.aal2190,1.0,20246
10.7133/jca.17-00041,10.1126/science.aal2188,1.0,20247
10.15388/problemos.1974.14.5551,10.1126/science.aal2190,1.0,20248
10.15388/problemos.1974.14.5551,10.1126/science.aal2188,1.0,20249
10.15388/problemos.1979.24.6254,10.1126/science.aal2190,1.0,20250
10.15388/problemos.1979.24.6254,10.1126/science.aal2188,1.0,20251
10.15388/problemos.1972.10.5490,10.1126/science.aal2190,1.0,20252
10.15388/problemos.1972.10.5490,10.1126/science.aal2188,1.0,20253
10.15388/problemos.1972.10.5493,10.1126/science.aal2190,1.0,20254
10.15388/problemos.1972.10.5493,10.1126/science.aal2188,1.0,20255
10.31219/osf.io/gr7ue,10.1126/science.aal2190,1.0,20256
10.31219/osf.io/gr7ue,10.1126/science.aal2188,1.0,20257
10.15388/problemos.1972.10.5491,10.1126/science.aal2190,1.0,20258
10.15388/problemos.1972.10.5491,10.1126/science.aal2188,1.0,20259
10.15388/problemos.1972.10.5489,10.1126/science.aal2190,1.0,20260
10.15388/problemos.1972.10.5489,10.1126/science.aal2188,1.0,20261
10.15388/problemos.1972.10.5488,10.1126/science.aal2190,1.0,20262
10.15388/problemos.1972.10.5488,10.1126/science.aal2188,1.0,20263
10.1002/fsn3.2772,10.1126/science.aal2190,1.0,20264
10.1002/fsn3.2772,10.1126/science.aal2188,1.0,20265
10.5650/jos.ess17037,10.1126/science.aal2190,1.0,20266
10.5650/jos.ess17037,10.1126/science.aal2188,1.0,20267
10.1063/5.0161170,10.1126/science.aal2190,1.0,20268
10.1063/5.0161170,10.1126/science.aal2188,1.0,20269
10.1063/5.0161170,10.37394/232019.2023.10.1,1.0,20270
10.1002/asna.20210038,10.1126/science.aal2190,1.0,20271
10.1002/asna.20210038,10.1126/science.aal2188,1.0,20272
10.22413/ijatest/2021/v6/i4/3,10.1126/science.aal2190,1.0,20273
10.22413/ijatest/2021/v6/i4/3,10.1126/science.aal2188,1.0,20274
10.3390/math10071126,10.1126/science.aal2190,1.0,20275
10.3390/math10071126,10.1126/science.aal2188,1.0,20276
10.1021/acs.macromol.1c00623,10.1126/science.aal2190,1.0,20277
10.1021/acs.macromol.1c00623,10.1126/science.aal2188,1.0,20278
10.1098/rsos.210774,10.1126/science.aal2190,1.0,20279
10.1098/rsos.210774,10.1126/science.aal2188,1.0,20280
10.3390/genes11101126,10.1126/science.aal2190,1.0,20281
10.3390/genes11101126,10.1126/science.aal2188,1.0,20282
10.3390/children10071126,10.1126/science.aal2190,1.0,20283
10.3390/children10071126,10.1126/science.aal2188,1.0,20284
10.3390/math7111126,10.1126/science.aal2190,1.0,20285
10.3390/math7111126,10.1126/science.aal2188,1.0,20286
10.3390/cryst10040270,10.1126/science.aal2190,1.0,20287
10.3390/cryst10040270,10.1126/science.aal2188,1.0,20288
10.15379/ijmst.v10i3.1696,10.1126/science.aal2190,1.0,20289
10.15379/ijmst.v10i3.1696,10.1126/science.aal2188,1.0,20290
10.52562/biochephy.v2i1.387,10.1126/science.aal2190,1.0,20291
10.52562/biochephy.v2i1.387,10.1126/science.aal2188,1.0,20292
10.3390/v12101126,10.1126/science.aal2190,1.0,20293
10.3390/v12101126,10.1126/science.aal2188,1.0,20294
10.15388/problemos.96.5,10.1126/science.aal2190,1.0,20295
10.15388/problemos.96.5,10.1126/science.aal2188,1.0,20296
10.22214/ijraset.2022.40439,10.1126/science.aal2190,1.0,20297
10.22214/ijraset.2022.40439,10.1126/science.aal2188,1.0,20298
10.31219/osf.io/br3mg,10.1126/science.aal2190,1.0,20299
10.31219/osf.io/br3mg,10.1126/science.aal2188,1.0,20300
10.31219/osf.io/7hjnu,10.1126/science.aal2190,1.0,20301
10.31219/osf.io/7hjnu,10.1126/science.aal2188,1.0,20302
10.1126/science.362.6419.1124-n,10.1126/science.aal2190,1.0,20303
10.1126/science.362.6419.1124-n,10.1126/science.aal2188,1.0,20304
10.1126/science.362.6419.1124-p,10.1126/science.aal2190,1.0,20305
10.1126/science.362.6419.1124-p,10.1126/science.aal2188,1.0,20306
10.1126/science.aam9362,10.1126/science.aal2190,1.0,20307
10.1126/science.aam9362,10.1126/science.aal2188,1.0,20308
10.1126/science.362.6419.1124-o,10.1126/science.aal2190,1.0,20309
10.1126/science.362.6419.1124-o,10.1126/science.aal2188,1.0,20310
10.1126/science.aar2428,10.1126/science.aal2190,1.0,20311
10.1126/science.aar2428,10.1126/science.aal2188,1.0,20312
10.1002/psc.3120,10.1126/science.aal2190,1.0,20313
10.1002/psc.3120,10.1126/science.aal2188,1.0,20314
10.15388/problemos.0.0.12006,10.1126/science.aal2190,1.0,20315
10.15388/problemos.0.0.12006,10.1126/science.aal2188,1.0,20316
10.1126/science.362.6419.1124-m,10.1126/science.aal2190,1.0,20317
10.1126/science.362.6419.1124-m,10.1126/science.aal2188,1.0,20318
10.1126/science.362.6419.1124-q,10.1126/science.aal2190,1.0,20319
10.1126/science.362.6419.1124-q,10.1126/science.aal2188,1.0,20320
10.1126/science.362.6419.1124-u,10.1126/science.aal2190,1.0,20321
10.1126/science.362.6419.1124-u,10.1126/science.aal2188,1.0,20322
10.1126/science.362.6419.1124-s,10.1126/science.aal2190,1.0,20323
10.1126/science.362.6419.1124-s,10.1126/science.aal2188,1.0,20324
10.15517/h.v10i2.41129,10.3934/mbe.2023784,1.0,20325
10.15517/h.v10i2.41612,10.3934/mbe.2023784,1.0,20326
10.1108/mbe-10-2017-0075,10.3934/mbe.2023784,1.0,20327
10.15517/h.v10i1.39660,10.3934/mbe.2023784,1.0,20328
10.1108/mbe-10-2020-0141,10.3934/mbe.2023784,1.0,20329
10.15517/h.v10i1.39936,10.3934/mbe.2023784,1.0,20330
10.1108/mbe-10-2017-0068,10.3934/mbe.2023784,1.0,20331
10.1108/mbe-10-2020-0137,10.3934/mbe.2023784,1.0,20332
10.1108/mbe-10-2017-0069,10.3934/mbe.2023784,1.0,20333
10.1158/1538-7445.am2016-3934,10.3934/mbe.2023784,1.0,20334
10.15517/h.v10i1.39658,10.3934/mbe.2023784,1.0,20335
10.15517/h.v10i2.41154,10.3934/mbe.2023784,1.0,20336
10.35335/midwifery.v10i5.876,10.3934/mbe.2023784,1.0,20337
10.1108/mbe-10-2021-0126,10.3934/mbe.2023784,1.0,20338
10.24071/jt.v9i01.2279,10.3934/mbe.2023784,1.0,20339
10.1108/mbe-10-2017-0080,10.3934/mbe.2023784,1.0,20340
10.1108/mbe-10-2018-0083,10.3934/mbe.2023784,1.0,20341
10.15517/h.v10i2.41242,10.3934/mbe.2023784,1.0,20342
10.1108/mbe-10-2020-0144,10.3934/mbe.2023784,1.0,20343
10.1108/mbe-08-2016-0040,10.3934/mbe.2023784,1.0,20344
10.24071/jt.v10i1.2794,10.3934/mbe.2023784,1.0,20345
10.1108/mbe-10-2021-0133,10.3934/mbe.2023784,1.0,20346
10.1108/mbe-10-2022-0126,10.3934/mbe.2023784,1.0,20347
10.15517/h.v10i1.39816,10.3934/mbe.2023784,1.0,20348
10.1182/blood.v114.22.3934.3934,10.3934/mbe.2023784,1.0,20349
10.1108/mbe-10-2018-0080,10.3934/mbe.2023784,1.0,20350
10.15517/h.v10i2.41767,10.3934/mbe.2023784,1.0,20351
10.15517/h.v10i1.39678,10.3934/mbe.2023784,1.0,20352
10.1108/mbe-10-2022-0124,10.3934/mbe.2023784,1.0,20353
10.1158/1538-7445.am2018-3934,10.3934/mbe.2023784,1.0,20354
10.5604/01.3001.0014.9033,10.3934/mbe.2023784,1.0,20355
10.4018/ijossp.2019010103,10.3934/mbe.2023784,1.0,20356
10.15517/h.v10i2.41806,10.3934/mbe.2023784,1.0,20357
10.24071/jt.v10i1.3243,10.3934/mbe.2023784,1.0,20358
10.24071/jt.v10i1.2624,10.3934/mbe.2023784,1.0,20359
10.5121/acii.2023.10303,10.3934/mbe.2023784,1.0,20360
10.1158/1538-7445.am2017-3934,10.3934/mbe.2023784,1.0,20361
10.51875/jispe.v1i1.10,10.3934/mbe.2023784,1.0,20362
10.4018/ijossp.2019100101,10.3934/mbe.2023784,1.0,20363
10.1182/blood.v110.11.3934.3934,10.3934/mbe.2023784,1.0,20364
10.24071/jt.v10i1.2905,10.3934/mbe.2023784,1.0,20365
10.24071/jt.v10i1.2740,10.3934/mbe.2023784,1.0,20366
10.15517/h.v10i1.39215,10.3934/mbe.2023784,1.0,20367
10.15517/h.v10i1.39762,10.3934/mbe.2023784,1.0,20368
10.1158/1538-7445.am2019-3934,10.3934/mbe.2023784,1.0,20369
10.1111/mbe.12100,10.3934/mbe.2023784,1.0,20370
10.3934/mbe.2017032,10.3934/mbe.2023784,1.0,20371
10.4018/ijossp.2019070102,10.3934/mbe.2023784,1.0,20372
10.24071/jt.v10i1.3392,10.3934/mbe.2023784,1.0,20373
10.15517/h.v10i1.39278,10.3934/mbe.2023784,1.0,20374
10.24071/jt.v11i02.5931,10.3934/mbe.2023784,1.0,20375
10.15517/h.v10i2.41743,10.3934/mbe.2023784,1.0,20376
10.3934/mbe.2022454,10.3934/mbe.2023784,1.0,20377
10.5604/01.3001.0015.3058,10.3934/mbe.2023784,1.0,20378
10.22214/ijraset.2022.45911,10.3934/mbe.2023784,1.0,20379
10.1108/mbe-06-2017-0028,10.3934/mbe.2023784,1.0,20380
10.1121/1.4988903,10.3934/mbe.2023784,1.0,20381
10.1108/mbe-08-2015-0043,10.3934/mbe.2023784,1.0,20382
10.1121/1.4988902,10.3934/mbe.2023784,1.0,20383
10.5121/acii.2023.10301,10.3934/mbe.2023784,1.0,20384
10.3390/app10113934,10.3934/mbe.2023784,1.0,20385
10.1108/mbe-03-2020-0042,10.3934/mbe.2023784,1.0,20386
10.1108/mbe-01-2016-0005,10.3934/mbe.2023784,1.0,20387
10.4018/ijossp.2019040103,10.3934/mbe.2023784,1.0,20388
10.3934/mbe.2023787,10.3934/mbe.2023784,1.0,20389
10.1121/1.4988901,10.3934/mbe.2023784,1.0,20390
10.1523/jneurosci.12-10-03920.1992,10.3934/mbe.2023784,1.0,20391
10.3934/mbe.2023820,10.3934/mbe.2023784,1.0,20392
10.1099/ijsem.0.001290,10.3934/mbe.2023784,1.0,20393
10.1523/jneurosci.10-12-03922.1990,10.3934/mbe.2023784,1.0,20394
10.3934/mbe.2023826,10.3934/mbe.2023784,1.0,20395
10.24071/jt.v10i2.3287,10.3934/mbe.2023784,1.0,20396
10.3934/mbe.2022484,10.3934/mbe.2023784,1.0,20397
10.3934/mbe.2023797,10.3934/mbe.2023784,1.0,20398
10.1108/mbe-11-2022-0130,10.3934/mbe.2023784,1.0,20399
10.1108/mbe-03-2017-0003,10.3934/mbe.2023784,1.0,20400
10.1108/mbe-08-2018-0055,10.3934/mbe.2023784,1.0,20401
10.1121/1.4988904,10.3934/mbe.2023784,1.0,20402
10.15517/h.v10i2.42238,10.3934/mbe.2023784,1.0,20403
10.3934/mbe.2022480,10.3934/mbe.2023784,1.0,20404
10.3934/mbe.2023796,10.3934/mbe.2023784,1.0,20405
10.1182/blood.v108.11.3934.3934,10.3934/mbe.2023784,1.0,20406
10.1108/mbe-05-2019-0048,10.3934/mbe.2023784,1.0,20407
10.1108/mbe-04-2017-0014,10.3934/mbe.2023784,1.0,20408
10.3934/mbe.2022475,10.3934/mbe.2023784,1.0,20409
10.4018/ijossp.2019040104,10.3934/mbe.2023784,1.0,20410
10.1108/mbe-11-2018-0099,10.3934/mbe.2023784,1.0,20411
10.1108/mf-10-2016-0291,10.1108/mf-10-2015-0291,1.0,20412
10.1108/mf-10-2015-0278,10.1108/mf-10-2015-0291,1.0,20413
10.1108/mf-09-2015-0257,10.1108/mf-10-2015-0291,1.0,20414
10.1108/mf-10-2015-0293,10.1108/mf-10-2015-0291,1.0,20415
10.1108/mf-10-2015-0288,10.1108/mf-10-2015-0291,1.0,20416
10.1108/mf-11-2015-0308,10.1108/mf-10-2015-0291,1.0,20417
10.1108/mf-10-2019-0531,10.1108/mf-10-2015-0291,1.0,20418
10.1108/mf-07-2015-0185,10.1108/mf-10-2015-0291,1.0,20419
10.1108/mf-06-2015-0178,10.1108/mf-10-2015-0291,1.0,20420
10.1108/mf-10-2015-0287,10.1108/mf-10-2015-0291,1.0,20421
10.1108/mf-05-2015-0145,10.1108/mf-10-2015-0291,1.0,20422
10.1108/mf-06-2015-0182,10.1108/mf-10-2015-0291,1.0,20423
10.1108/mf-08-2015-0221,10.1108/mf-10-2015-0291,1.0,20424
10.1108/mf-11-2015-0312,10.1108/mf-10-2015-0291,1.0,20425
10.1108/mf-10-2022-0488,10.1108/mf-10-2015-0291,1.0,20426
10.1108/mf-10-2015-0271,10.1108/mf-10-2015-0291,1.0,20427
10.1108/mf-10-2015-0282,10.1108/mf-10-2015-0291,1.0,20428
10.1108/mf-10-2022-0470,10.1108/mf-10-2015-0291,1.0,20429
10.1108/mf-10-2021-0509,10.1108/mf-10-2015-0291,1.0,20430
10.1108/mf-04-2016-0098,10.1108/mf-10-2015-0291,1.0,20431
10.1108/mf-05-2015-0132,10.1108/mf-10-2015-0291,1.0,20432
10.1108/mf-12-2015-0327,10.1108/mf-10-2015-0291,1.0,20433
10.1108/mf-01-2018-0007,10.1108/mf-10-2015-0291,1.0,20434
10.1108/mf-12-2017-0502,10.1108/mf-10-2015-0291,1.0,20435
10.1108/mf-10-2015-0269,10.1108/mf-10-2015-0291,1.0,20436
10.1108/mf-10-2018-0492,10.1108/mf-10-2015-0291,1.0,20437
10.32382/mf.v14i1.70,10.1108/mf-10-2015-0291,1.0,20438
10.1108/mf-06-2020-0300,10.1108/mf-10-2015-0291,1.0,20439
10.1108/mf-10-2018-0470,10.1108/mf-10-2015-0291,1.0,20440
10.1108/mf-10-2015-0280,10.1108/mf-10-2015-0291,1.0,20441
10.1108/mf-02-2023-0089,10.1108/mf-10-2015-0291,1.0,20442
10.1108/mf-12-2017-0494,10.1108/mf-10-2015-0291,1.0,20443
10.1108/mf-10-2018-0484,10.1108/mf-10-2015-0291,1.0,20444
10.1108/mf-09-2021-0456,10.1108/mf-10-2015-0291,1.0,20445
10.1108/mf-11-2022-0536,10.1108/mf-10-2015-0291,1.0,20446
10.1108/mf-06-2021-0260,10.1108/mf-10-2015-0291,1.0,20447
10.1108/mf-05-2021-0237,10.1108/mf-10-2015-0291,1.0,20448
10.1108/mf-02-2019-0055,10.1108/mf-10-2015-0291,1.0,20449
10.1108/mf-10-2018-0472,10.1108/mf-10-2015-0291,1.0,20450
10.1108/mf-05-2022-0247,10.1108/mf-10-2015-0291,1.0,20451
10.1108/mf-10-2021-0479,10.1108/mf-10-2015-0291,1.0,20452
10.1108/mf-12-2020-0606,10.1108/mf-10-2015-0291,1.0,20453
10.1108/mf-11-2017-0487,10.1108/mf-10-2015-0291,1.0,20454
10.1108/mf-12-2022-0589,10.1108/mf-10-2015-0291,1.0,20455
10.1108/mf-10-2018-0510,10.1108/mf-10-2015-0291,1.0,20456
10.1108/mf-08-2022-0387,10.1108/mf-10-2015-0291,1.0,20457
10.1108/mf-10-2018-0491,10.1108/mf-10-2015-0291,1.0,20458
10.1108/mf-10-2018-0534,10.1108/mf-10-2015-0291,1.0,20459
10.1108/mf-11-2019-0554,10.1108/mf-10-2015-0291,1.0,20460
10.1108/mf-09-2016-0272,10.1108/mf-10-2015-0291,1.0,20461
10.1108/mf-10-2018-0505,10.1108/mf-10-2015-0291,1.0,20462
10.1108/mf-10-2019-0534,10.1108/mf-10-2015-0291,1.0,20463
10.1108/mf-07-2017-0267,10.1108/mf-10-2015-0291,1.0,20464
10.1108/mf-06-2020-0322,10.1108/mf-10-2015-0291,1.0,20465
10.1108/mf-10-2020-0529,10.1108/mf-10-2015-0291,1.0,20466
10.1108/mf-10-2020-0517,10.1108/mf-10-2015-0291,1.0,20467
10.5752/p.1983-2478.2015v10n17p200,10.1108/mf-10-2015-0291,1.0,20468
10.5752/p.1983-2478.2015v10n17p200,10.1118/1.4961986,1.0,20469
10.5752/p.1983-2478.2015v10n17p200,10.1177/0022034516648264,1.0,20470
10.5752/p.1983-2478.2015v10n17p200,10.37394/232019.2023.10.1,1.0,20471
10.1108/mf-10-2019-0524,10.1108/mf-10-2015-0291,1.0,20472
10.1108/mf-10-2021-0489,10.1108/mf-10-2015-0291,1.0,20473
10.1108/mf-06-2022-0277,10.1108/mf-10-2015-0291,1.0,20474
10.5752/p.1983-2478.2015v10n17p128,10.1108/mf-10-2015-0291,1.0,20475
10.5752/p.1983-2478.2015v10n17p128,10.1118/1.4961986,1.0,20476
10.5752/p.1983-2478.2015v10n17p128,10.1177/0022034516648264,1.0,20477
10.5752/p.1983-2478.2015v10n17p128,10.37394/232019.2023.10.1,1.0,20478
10.1108/mf-09-2017-0373,10.1108/mf-10-2015-0291,1.0,20479
10.1108/mf-09-2021-0466,10.1108/mf-10-2015-0291,1.0,20480
10.1108/mf-10-2017-0412,10.1108/mf-10-2015-0291,1.0,20481
10.1108/mf-06-2021-0285,10.1108/mf-10-2015-0291,1.0,20482
10.1108/mf-10-2018-0471,10.1108/mf-10-2015-0291,1.0,20483
10.1108/mf-09-2022-0444,10.1108/mf-10-2015-0291,1.0,20484
10.1108/mf-10-2017-0433,10.1108/mf-10-2015-0291,1.0,20485
10.1108/mf-02-2018-0053,10.1108/mf-10-2015-0291,1.0,20486
10.19026/rjaset.10.1880,10.1108/mf-10-2015-0291,1.0,20487
10.1108/mf-10-2017-0390,10.1108/mf-10-2015-0291,1.0,20488
10.52412/mf.1957.h3.2610,10.1108/mf-10-2015-0291,1.0,20489
10.1108/mf-09-2020-0481,10.1108/mf-10-2015-0291,1.0,20490
10.1108/mf-08-2020-0429,10.1108/mf-10-2015-0291,1.0,20491
10.1108/mf-11-2017-0454,10.1108/mf-10-2015-0291,1.0,20492
10.1108/mf-10-2022-0472,10.1108/mf-10-2015-0291,1.0,20493
10.1108/mf-10-2019-0512,10.1108/mf-10-2015-0291,1.0,20494
10.1108/mf-09-2021-0440,10.1108/mf-10-2015-0291,1.0,20495
10.1108/mf-10-2019-0522,10.1108/mf-10-2015-0291,1.0,20496
10.1515/jura-2019-2272,10.1118/1.4961986,1.0,20497
10.4314/sa.v20i3.1,10.1118/1.4961986,1.0,20498
10.1128/jb.105.3.1110-1118.1971,10.1118/1.4961986,1.0,20499
10.17816/kazmj80404,10.1118/1.4961986,1.0,20500
10.1149/ma2009-02/10/1118,10.1118/1.4961986,1.0,20501
10.1182/blood.2020007951,10.1118/1.4961986,1.0,20502
10.1096/fasebj.10.10.8751714,10.1118/1.4961986,1.0,20503
10.3390/machines10121118,10.1118/1.4961986,1.0,20504
10.3390/e22101118,10.1118/1.4961986,1.0,20505
10.3390/ma10101118,10.1118/1.4961986,1.0,20506
10.3390/cells10051118,10.1118/1.4961986,1.0,20507
10.3390/rs15061472,10.1118/1.4961986,1.0,20508
10.1200/jco.2010.28.15_suppl.1118,10.1118/1.4961986,1.0,20509
10.3390/w10091118,10.1118/1.4961986,1.0,20510
10.1182/blood.2020006887,10.1118/1.4961986,1.0,20511
10.22214/ijraset.2022.47142,10.1118/1.4961986,1.0,20512
10.17507/tpls.1009.16,10.1118/1.4961986,1.0,20513
10.1111/anae.13599,10.1118/1.4961986,1.0,20514
10.5194/esurf-11-383-2023,10.1118/1.4961986,1.0,20515
10.1158/1538-7445.am2018-1118,10.1118/1.4961986,1.0,20516
10.34067/kid.0003512020,10.1118/1.4961986,1.0,20517
10.3390/min11101118,10.1118/1.4961986,1.0,20518
10.51547/ppp.dp.ua/2021.4.1,10.1118/1.4961986,1.0,20519
10.1097/lvt.0000000000000183,10.1118/1.4961986,1.0,20520
10.46827/ejes.v10i10.5020,10.1111/soc4.12440,1.0,20521
10.46827/ejes.v10i10.5020,10.1111/codi.13520,1.0,20522
10.46827/ejes.v10i10.4986,10.1111/soc4.12440,1.0,20523
10.46827/ejes.v10i10.4986,10.1111/codi.13520,1.0,20524
10.46827/ejes.v10i10.4993,10.1111/soc4.12440,1.0,20525
10.46827/ejes.v10i10.4993,10.1111/codi.13520,1.0,20526
10.46827/ejes.v10i10.5004,10.1111/soc4.12440,1.0,20527
10.46827/ejes.v10i10.5004,10.1111/codi.13520,1.0,20528
10.46827/ejes.v10i10.5023,10.1111/soc4.12440,1.0,20529
10.46827/ejes.v10i10.5023,10.1111/codi.13520,1.0,20530
10.46827/ejes.v10i1.4618,10.1111/soc4.12440,1.0,20531
10.46827/ejes.v10i1.4618,10.1111/codi.13520,1.0,20532
10.46827/ejes.v10i10.5036,10.1111/soc4.12440,1.0,20533
10.46827/ejes.v10i10.5036,10.1111/codi.13520,1.0,20534
10.46827/ejes.v10i3.4715,10.1111/soc4.12440,1.0,20535
10.46827/ejes.v10i3.4715,10.1111/codi.13520,1.0,20536
10.46827/ejes.v8i10.3929,10.1111/soc4.12440,1.0,20537
10.46827/ejes.v8i10.3929,10.1111/codi.13520,1.0,20538
10.46827/ejes.v10i9.4946,10.1111/soc4.12440,1.0,20539
10.46827/ejes.v10i9.4946,10.1111/codi.13520,1.0,20540
10.46827/ejes.v10i10.5022,10.1111/soc4.12440,1.0,20541
10.46827/ejes.v10i10.5022,10.1111/codi.13520,1.0,20542
10.46827/ejes.v10i10.5029,10.1111/soc4.12440,1.0,20543
10.46827/ejes.v10i10.5029,10.1111/codi.13520,1.0,20544
10.46827/ejes.v10i10.4998,10.1111/soc4.12440,1.0,20545
10.46827/ejes.v10i10.4998,10.1111/codi.13520,1.0,20546
10.46827/ejes.v8i10.3949,10.1111/soc4.12440,1.0,20547
10.46827/ejes.v8i10.3949,10.1111/codi.13520,1.0,20548
10.46827/ejes.v10i5.4817,10.1111/soc4.12440,1.0,20549
10.46827/ejes.v10i5.4817,10.1111/codi.13520,1.0,20550
10.46827/ejes.v10i4.4731,10.1111/soc4.12440,1.0,20551
10.46827/ejes.v10i4.4731,10.1111/codi.13520,1.0,20552
10.46827/ejes.v10i10.5035,10.1111/soc4.12440,1.0,20553
10.46827/ejes.v10i10.5035,10.1111/codi.13520,1.0,20554
10.46827/ejes.v10i10.5021,10.1111/soc4.12440,1.0,20555
10.46827/ejes.v10i10.5021,10.1111/codi.13520,1.0,20556
10.46827/ejes.v10i1.4634,10.1111/soc4.12440,1.0,20557
10.46827/ejes.v10i1.4634,10.1111/codi.13520,1.0,20558
10.46827/ejes.v10i10.5053,10.1111/soc4.12440,1.0,20559
10.46827/ejes.v10i10.5053,10.1111/codi.13520,1.0,20560
10.46827/ejes.v9i10.4502,10.1111/soc4.12440,1.0,20561
10.46827/ejes.v9i10.4502,10.1111/codi.13520,1.0,20562
10.46827/ejes.v10i7.4862,10.1111/soc4.12440,1.0,20563
10.46827/ejes.v10i7.4862,10.1111/codi.13520,1.0,20564
10.46827/ejes.v10i2.4663,10.1111/soc4.12440,1.0,20565
10.46827/ejes.v10i2.4663,10.1111/codi.13520,1.0,20566
10.46827/ejes.v10i10.4980,10.1111/soc4.12440,1.0,20567
10.46827/ejes.v10i10.4980,10.1111/codi.13520,1.0,20568
10.46827/ejes.v10i8.4892,10.1111/soc4.12440,1.0,20569
10.46827/ejes.v10i8.4892,10.1111/codi.13520,1.0,20570
10.46827/ejes.v10i5.4820,10.1111/soc4.12440,1.0,20571
10.46827/ejes.v10i5.4820,10.1111/codi.13520,1.0,20572
10.46827/ejes.v10i2.4661,10.1111/soc4.12440,1.0,20573
10.46827/ejes.v10i2.4661,10.1111/codi.13520,1.0,20574
10.46827/ejes.v10i10.4989,10.1111/soc4.12440,1.0,20575
10.46827/ejes.v10i10.4989,10.1111/codi.13520,1.0,20576
10.46827/ejes.v10i2.4702,10.1111/soc4.12440,1.0,20577
10.46827/ejes.v10i2.4702,10.1111/codi.13520,1.0,20578
10.46827/ejes.v10i10.5010,10.1111/soc4.12440,1.0,20579
10.46827/ejes.v10i10.5010,10.1111/codi.13520,1.0,20580
10.46827/ejes.v8i10.3931,10.1111/soc4.12440,1.0,20581
10.46827/ejes.v8i10.3931,10.1111/codi.13520,1.0,20582
10.46827/ejes.v10i3.4754,10.1111/soc4.12440,1.0,20583
10.46827/ejes.v10i3.4754,10.1111/codi.13520,1.0,20584
10.46827/ejes.v10i9.5002,10.1111/soc4.12440,1.0,20585
10.46827/ejes.v10i9.5002,10.1111/codi.13520,1.0,20586
10.46827/ejes.v10i2.4667,10.1111/soc4.12440,1.0,20587
10.46827/ejes.v10i2.4667,10.1111/codi.13520,1.0,20588
10.46827/ejes.v10i6.4850,10.1111/soc4.12440,1.0,20589
10.46827/ejes.v10i6.4850,10.1111/codi.13520,1.0,20590
10.46827/ejes.v10i1.4613,10.1111/soc4.12440,1.0,20591
10.46827/ejes.v10i1.4613,10.1111/codi.13520,1.0,20592
10.46827/ejes.v10i10.5051,10.1111/soc4.12440,1.0,20593
10.46827/ejes.v10i10.5051,10.1111/codi.13520,1.0,20594
10.46827/ejes.v9i10.4490,10.1111/soc4.12440,1.0,20595
10.46827/ejes.v9i10.4490,10.1111/codi.13520,1.0,20596
10.46827/ejes.v10i8.4900,10.1111/soc4.12440,1.0,20597
10.46827/ejes.v10i8.4900,10.1111/codi.13520,1.0,20598
10.46827/ejes.v10i6.4871,10.1111/soc4.12440,1.0,20599
10.46827/ejes.v10i6.4871,10.1111/codi.13520,1.0,20600
10.46827/ejes.v9i10.4476,10.1111/soc4.12440,1.0,20601
10.46827/ejes.v9i10.4476,10.1111/codi.13520,1.0,20602
10.46827/ejes.v10i9.4952,10.1111/soc4.12440,1.0,20603
10.46827/ejes.v10i9.4952,10.1111/codi.13520,1.0,20604
10.46827/ejes.v10i1.4646,10.1111/soc4.12440,1.0,20605
10.46827/ejes.v10i1.4646,10.1111/codi.13520,1.0,20606
10.46827/ejes.v8i10.3928,10.1111/soc4.12440,1.0,20607
10.46827/ejes.v8i10.3928,10.1111/codi.13520,1.0,20608
10.46827/ejes.v9i10.4486,10.1111/soc4.12440,1.0,20609
10.46827/ejes.v9i10.4486,10.1111/codi.13520,1.0,20610
10.46827/ejes.v10i3.4728,10.1111/soc4.12440,1.0,20611
10.46827/ejes.v10i3.4728,10.1111/codi.13520,1.0,20612
10.46827/ejes.v10i3.4729,10.1111/soc4.12440,1.0,20613
10.46827/ejes.v10i3.4729,10.1111/codi.13520,1.0,20614
10.46827/ejes.v10i4.4742,10.1111/soc4.12440,1.0,20615
10.46827/ejes.v10i4.4742,10.1111/codi.13520,1.0,20616
10.46827/ejes.v10i10.5040,10.1111/soc4.12440,1.0,20617
10.46827/ejes.v10i10.5040,10.1111/codi.13520,1.0,20618
10.46827/ejes.v8i10.3943,10.1111/soc4.12440,1.0,20619
10.46827/ejes.v8i10.3943,10.1111/codi.13520,1.0,20620
10.46827/ejes.v10i5.4785,10.1111/soc4.12440,1.0,20621
10.46827/ejes.v10i5.4785,10.1111/codi.13520,1.0,20622
10.46827/ejes.v8i10.3950,10.1111/soc4.12440,1.0,20623
10.46827/ejes.v8i10.3950,10.1111/codi.13520,1.0,20624
10.46827/ejes.v10i2.4662,10.1111/soc4.12440,1.0,20625
10.46827/ejes.v10i2.4662,10.1111/codi.13520,1.0,20626
10.46827/ejes.v10i7.4863,10.1111/soc4.12440,1.0,20627
10.46827/ejes.v10i7.4863,10.1111/codi.13520,1.0,20628
10.46827/ejes.v10i10.5052,10.1111/soc4.12440,1.0,20629
10.46827/ejes.v10i10.5052,10.1111/codi.13520,1.0,20630
10.46827/ejes.v8i10.3941,10.1111/soc4.12440,1.0,20631
10.46827/ejes.v8i10.3941,10.1111/codi.13520,1.0,20632
10.46827/ejes.v10i8.4930,10.1111/soc4.12440,1.0,20633
10.46827/ejes.v10i8.4930,10.1111/codi.13520,1.0,20634
10.46827/ejes.v10i1.4614,10.1111/soc4.12440,1.0,20635
10.46827/ejes.v10i1.4614,10.1111/codi.13520,1.0,20636
10.46827/ejes.v9i10.4495,10.1111/soc4.12440,1.0,20637
10.46827/ejes.v9i10.4495,10.1111/codi.13520,1.0,20638
10.46827/ejes.v10i3.4691,10.1111/soc4.12440,1.0,20639
10.46827/ejes.v10i3.4691,10.1111/codi.13520,1.0,20640
10.46827/ejes.v10i9.4959,10.1111/soc4.12440,1.0,20641
10.46827/ejes.v10i9.4959,10.1111/codi.13520,1.0,20642
10.46827/ejes.v8i10.3918,10.1111/soc4.12440,1.0,20643
10.46827/ejes.v8i10.3918,10.1111/codi.13520,1.0,20644
10.46827/ejes.v10i11.5041,10.1111/soc4.12440,1.0,20645
10.46827/ejes.v10i11.5041,10.1111/codi.13520,1.0,20646
10.46827/ejes.v10i7.4856,10.1111/soc4.12440,1.0,20647
10.46827/ejes.v10i7.4856,10.1111/codi.13520,1.0,20648
10.46827/ejes.v10i10.4988,10.1111/soc4.12440,1.0,20649
10.46827/ejes.v10i10.4988,10.1111/codi.13520,1.0,20650
10.46827/ejes.v10i10.5069,10.1111/soc4.12440,1.0,20651
10.46827/ejes.v10i10.5069,10.1111/codi.13520,1.0,20652
10.46827/ejes.v10i2.4675,10.1111/soc4.12440,1.0,20653
10.46827/ejes.v10i2.4675,10.1111/codi.13520,1.0,20654
10.46827/ejes.v10i4.4757,10.1111/soc4.12440,1.0,20655
10.46827/ejes.v10i4.4757,10.1111/codi.13520,1.0,20656
10.46827/ejes.v10i11.5055,10.1111/soc4.12440,1.0,20657
10.46827/ejes.v10i11.5055,10.1111/codi.13520,1.0,20658
10.46827/ejes.v10i9.4935,10.1111/soc4.12440,1.0,20659
10.46827/ejes.v10i9.4935,10.1111/codi.13520,1.0,20660
10.46827/ejes.v8i10.3962,10.1111/soc4.12440,1.0,20661
10.46827/ejes.v8i10.3962,10.1111/codi.13520,1.0,20662
10.46827/ejes.v10i8.4926,10.1111/soc4.12440,1.0,20663
10.46827/ejes.v10i8.4926,10.1111/codi.13520,1.0,20664
10.46827/ejes.v10i6.4854,10.1111/soc4.12440,1.0,20665
10.46827/ejes.v10i6.4854,10.1111/codi.13520,1.0,20666
10.46827/ejes.v10i4.4760,10.1111/soc4.12440,1.0,20667
10.46827/ejes.v10i4.4760,10.1111/codi.13520,1.0,20668
10.46827/ejes.v10i10.4990,10.1111/soc4.12440,1.0,20669
10.46827/ejes.v10i10.4990,10.1111/codi.13520,1.0,20670
10.46827/ejes.v10i1.4643,10.1111/soc4.12440,1.0,20671
10.46827/ejes.v10i1.4643,10.1111/codi.13520,1.0,20672
10.46827/ejes.v10i4.4755,10.1111/soc4.12440,1.0,20673
10.46827/ejes.v10i4.4755,10.1111/codi.13520,1.0,20674
10.46827/ejes.v10i8.4928,10.1111/soc4.12440,1.0,20675
10.46827/ejes.v10i8.4928,10.1111/codi.13520,1.0,20676
10.46827/ejes.v10i9.4960,10.1111/soc4.12440,1.0,20677
10.46827/ejes.v10i9.4960,10.1111/codi.13520,1.0,20678
10.46827/ejes.v10i2.4686,10.1111/soc4.12440,1.0,20679
10.46827/ejes.v10i2.4686,10.1111/codi.13520,1.0,20680
10.46827/ejes.v10i2.4676,10.1111/soc4.12440,1.0,20681
10.46827/ejes.v10i2.4676,10.1111/codi.13520,1.0,20682
10.46827/ejes.v10i1.4625,10.1111/soc4.12440,1.0,20683
10.46827/ejes.v10i8.4927,10.1111/soc4.12440,1.0,20684
10.46827/ejes.v10i2.4645,10.1111/soc4.12440,1.0,20685
10.46827/ejes.v10i2.4649,10.1111/soc4.12440,1.0,20686
10.46827/ejes.v10i6.4845,10.1111/soc4.12440,1.0,20687
10.46827/ejes.v10i5.4827,10.1111/soc4.12440,1.0,20688
10.46827/ejes.v9i10.4491,10.1111/soc4.12440,1.0,20689
10.46827/ejes.v9i10.4493,10.1111/soc4.12440,1.0,20690
10.46827/ejes.v10i3.4700,10.1111/soc4.12440,1.0,20691
10.46827/ejes.v10i3.4714,10.1111/soc4.12440,1.0,20692
10.46827/ejes.v10i2.4689,10.1111/soc4.12440,1.0,20693
10.46827/ejes.v10i11.5056,10.1111/soc4.12440,1.0,20694
10.14409/contenciosa.v0i8.8590,10.1111/codi.13520,1.0,20695
10.1111/ggi.13520,10.1111/codi.13520,1.0,20696
10.15448/1980-864x.2017.2.26577,10.1111/codi.13520,1.0,20697
10.1111/codi.15913,10.1111/codi.13520,1.0,20698
10.1200/jco.2008.26.15_suppl.13520,10.1111/codi.13520,1.0,20699
10.1200/jco.2006.24.18_suppl.13520,10.1111/codi.13520,1.0,20700
10.5380/recp.v6i2.42524,10.1111/codi.13520,1.0,20701
10.1111/codi.13256,10.1111/codi.13520,1.0,20702
10.1002/bies.201700127,10.1002/bies.201600151,1.0,20703
10.1002/bies.201700127,10.1002/bies.201600149,1.0,20704
10.1002/bies.201700142,10.1002/bies.201600151,1.0,20705
10.1002/bies.201700142,10.1002/bies.201600149,1.0,20706
10.1002/bies.201600257,10.1002/bies.201600151,1.0,20707
10.1002/bies.201600257,10.1002/bies.201600149,1.0,20708
10.1002/bies.201700048,10.1002/bies.201600151,1.0,20709
10.1002/bies.201700048,10.1002/bies.201600149,1.0,20710
10.1002/bies.201600051,10.1002/bies.201600151,1.0,20711
10.1002/bies.201600051,10.1002/bies.201600149,1.0,20712
10.1002/bies.201600267,10.1002/bies.201600151,1.0,20713
10.1002/bies.201600267,10.1002/bies.201600149,1.0,20714
10.1002/bies.201600131,10.1002/bies.201600151,1.0,20715
10.1002/bies.201600131,10.1002/bies.201600149,1.0,20716
10.1002/bies.201600166,10.1002/bies.201600151,1.0,20717
10.1002/bies.201600166,10.1002/bies.201600149,1.0,20718
10.1002/bies.201700041,10.1002/bies.201600151,1.0,20719
10.1002/bies.201700041,10.1002/bies.201600149,1.0,20720
10.1002/bies.201700141,10.1002/bies.201600151,1.0,20721
10.1002/bies.201700141,10.1002/bies.201600149,1.0,20722
10.1002/bies.201600173,10.1002/bies.201600151,1.0,20723
10.1002/bies.201600173,10.1002/bies.201600149,1.0,20724
10.1002/bies.201700157,10.1002/bies.201600151,1.0,20725
10.1002/bies.201700157,10.1002/bies.201600149,1.0,20726
10.1002/bies.201700084,10.1002/bies.201600151,1.0,20727
10.1002/bies.201700084,10.1002/bies.201600149,1.0,20728
10.1002/bies.201700005,10.1002/bies.201600151,1.0,20729
10.1002/bies.201700005,10.1002/bies.201600149,1.0,20730
10.1002/bies.201600140,10.1002/bies.201600151,1.0,20731
10.1002/bies.201600140,10.1002/bies.201600149,1.0,20732
10.1002/bies.201600205,10.1002/bies.201600151,1.0,20733
10.1002/bies.201600205,10.1002/bies.201600149,1.0,20734
10.1002/bies.201600195,10.1002/bies.201600151,1.0,20735
10.1002/bies.201600195,10.1002/bies.201600149,1.0,20736
10.1002/bies.201700065,10.1002/bies.201600151,1.0,20737
10.1002/bies.201700065,10.1002/bies.201600149,1.0,20738
10.1002/bies.201600191,10.1002/bies.201600151,1.0,20739
10.1002/bies.201600191,10.1002/bies.201600149,1.0,20740
10.1002/bies.201700002,10.1002/bies.201600151,1.0,20741
10.1002/bies.201700002,10.1002/bies.201600149,1.0,20742
10.1002/bies.201600201,10.1002/bies.201600151,1.0,20743
10.1002/bies.201600201,10.1002/bies.201600149,1.0,20744
10.1002/bies.202000325,10.1002/bies.201600151,1.0,20745
10.1002/bies.202000325,10.1002/bies.201600149,1.0,20746
10.1002/mame.201600151,10.1002/bies.201600151,1.0,20747
10.1002/masy.201600151,10.1002/bies.201600151,1.0,20748
10.1002/bies.202000193,10.1002/bies.201600151,1.0,20749
10.1002/bies.202000193,10.1002/bies.201600149,1.0,20750
10.1002/bies.202100163,10.1002/bies.201600151,1.0,20751
10.1002/bies.202100163,10.1002/bies.201600149,1.0,20752
10.1002/pssb.201600151,10.1002/bies.201600151,1.0,20753
10.1002/bies.202100157,10.1002/bies.201600151,1.0,20754
10.1002/bies.202100157,10.1002/bies.201600149,1.0,20755
10.1002/fuce.201600151,10.1002/bies.201600151,1.0,20756
10.1002/bies.202000058,10.1002/bies.201600151,1.0,20757
10.1002/bies.202000058,10.1002/bies.201600149,1.0,20758
10.1002/bies.201900130,10.1002/bies.201600151,1.0,20759
10.1002/bies.201900130,10.1002/bies.201600149,1.0,20760
10.1002/bies.201800170,10.1002/bies.201600151,1.0,20761
10.1002/bies.201800170,10.1002/bies.201600149,1.0,20762
10.1002/bies.202300149,10.1002/bies.201600151,1.0,20763
10.1002/bies.202300149,10.1002/bies.201600149,1.0,20764
10.1002/bies.201600148,10.1002/bies.201600151,1.0,20765
10.1002/bies.201600148,10.1002/bies.201600149,1.0,20766
10.1002/bies.202000032,10.1002/bies.201600151,1.0,20767
10.1002/bies.202000032,10.1002/bies.201600149,1.0,20768
10.1002/jbio.201600151,10.1002/bies.201600151,1.0,20769
10.1149/ma2012-02/10/1002,10.1002/bies.201600151,1.0,20770
10.1149/ma2012-02/10/1002,10.1002/bies.201600149,1.0,20771
10.1002/bies.201900088,10.1002/bies.201600151,1.0,20772
10.1002/bies.201900088,10.1002/bies.201600149,1.0,20773
10.1002/pssc.201600151,10.1002/bies.201600151,1.0,20774
10.1002/bies.201700242,10.1002/bies.201600151,1.0,20775
10.1002/bies.201700242,10.1002/bies.201600149,1.0,20776
10.1002/bies.202300128,10.1002/bies.201600151,1.0,20777
10.1002/bies.202300128,10.1002/bies.201600149,1.0,20778
10.1002/bies.201800150,10.1002/bies.201600151,1.0,20779
10.1002/bies.201800150,10.1002/bies.201600149,1.0,20780
10.1002/bies.202300069,10.1002/bies.201600151,1.0,20781
10.1002/bies.202300069,10.1002/bies.201600149,1.0,20782
10.1002/bies.202200157,10.1002/bies.201600151,1.0,20783
10.1002/bies.202200157,10.1002/bies.201600149,1.0,20784
10.1002/bies.201900221,10.1002/bies.201600151,1.0,20785
10.1002/bies.201900221,10.1002/bies.201600149,1.0,20786
10.1002/bies.202200033,10.1002/bies.201600151,1.0,20787
10.1002/bies.202200033,10.1002/bies.201600149,1.0,20788
10.1002/bies.202200007,10.1002/bies.201600151,1.0,20789
10.1002/bies.202200007,10.1002/bies.201600149,1.0,20790
10.1002/bies.201800131,10.1002/bies.201600151,1.0,20791
10.1002/bies.201800131,10.1002/bies.201600149,1.0,20792
10.1093/pm/pnac066,10.1002/bies.201600151,1.0,20793
10.1093/pm/pnac066,10.1002/bies.201600149,1.0,20794
10.1002/bies.201700160,10.1002/bies.201600151,1.0,20795
10.1002/bies.201700160,10.1002/bies.201600149,1.0,20796
10.1002/bies.201600042,10.1002/bies.201600151,1.0,20797
10.1002/bies.201600042,10.1002/bies.201600149,1.0,20798
10.1002/bies.202100119,10.1002/bies.201600151,1.0,20799
10.1002/bies.202100119,10.1002/bies.201600149,1.0,20800
10.1002/bies.201600198,10.1002/bies.201600151,1.0,20801
10.1002/bies.201600198,10.1002/bies.201600149,1.0,20802
10.1002/bies.202000239,10.1002/bies.201600151,1.0,20803
10.1002/bies.202000239,10.1002/bies.201600149,1.0,20804
10.1002/bies.202300062,10.1002/bies.201600151,1.0,20805
10.1002/bies.202300062,10.1002/bies.201600149,1.0,20806
10.1002/adem.201600151,10.1002/bies.201600151,1.0,20807
10.1002/bies.201600106,10.1002/bies.201600151,1.0,20808
10.1002/bies.201600106,10.1002/bies.201600149,1.0,20809
10.1002/bies.202200111,10.1002/bies.201600151,1.0,20810
10.1002/bies.202200111,10.1002/bies.201600149,1.0,20811
10.1002/bies.202100138,10.1002/bies.201600151,1.0,20812
10.1002/bies.202100138,10.1002/bies.201600149,1.0,20813
10.1002/bies.202200240,10.1002/bies.201600151,1.0,20814
10.1002/bies.202200240,10.1002/bies.201600149,1.0,20815
10.3389/fmed.2023.1134801,10.1002/bies.201600151,1.0,20816
10.3389/fmed.2023.1134801,10.1002/bies.201600149,1.0,20817
10.1002/bies.202100038,10.1002/bies.201600151,1.0,20818
10.1002/bies.202100038,10.1002/bies.201600149,1.0,20819
10.1002/bies.201900134,10.1002/bies.201600151,1.0,20820
10.1002/bies.201900134,10.1002/bies.201600149,1.0,20821
10.1002/bies.202100125,10.1002/bies.201600151,1.0,20822
10.1002/bies.202100125,10.1002/bies.201600149,1.0,20823
10.1002/bies.202000105,10.1002/bies.201600151,1.0,20824
10.1002/bies.202000105,10.1002/bies.201600149,1.0,20825
10.1002/bies.201700069,10.1002/bies.201600151,1.0,20826
10.1002/bies.201700069,10.1002/bies.201600149,1.0,20827
10.1002/bies.202100016,10.1002/bies.201600151,1.0,20828
10.1002/bies.201800109,10.1002/bies.201600151,1.0,20829
10.1002/bies.201800109,10.1002/bies.201600149,1.0,20830
10.1002/ejoc.201600149,10.1002/bies.201600149,1.0,20831
10.1002/pssb.201600149,10.1002/bies.201600149,1.0,20832
10.1002/mnfr.201600149,10.1002/bies.201600149,1.0,20833
10.1002/ceat.201600149,10.1002/bies.201600149,1.0,20834
10.1002/cbic.201600149,10.1002/bies.201600149,1.0,20835
10.1002/bies.201700024,10.1002/bies.201600149,1.0,20836
10.1002/open.201600149,10.1002/bies.201600149,1.0,20837
10.17265/2328-2150/2016.10.008,10.21608/jpp.2016.46944,1.0,20838
10.17265/2328-2150/2016.10.005,10.21608/jpp.2016.46944,1.0,20839
10.54387/jpp.v3i1.4,10.21608/jpp.2016.46944,1.0,20840
10.21009/jppv2i2.01,10.21608/jpp.2016.46944,1.0,20841
10.30587/jpp.v2i1.806,10.21608/jpp.2016.46944,1.0,20842
10.23887/jppundiksha.v49i1.9005,10.21608/jpp.2016.46944,1.0,20843
10.17977/um047v27i12021p010,10.21608/jpp.2016.46944,1.0,20844
10.30587/jpp.v1i1.287,10.21608/jpp.2016.46944,1.0,20845
10.17265/2328-2150/2016.10.006,10.21608/jpp.2016.46944,1.0,20846
10.17265/2328-2150/2016.01.006,10.21608/jpp.2016.46944,1.0,20847
10.36086/jpp.v13i2.235,10.21608/jpp.2016.46944,1.0,20848
10.1002/imhj.21608,10.21608/jpp.2016.46944,1.0,20849
10.1002/gea.21608,10.21608/jpp.2016.46944,1.0,20850
10.17265/2328-2150/2016.10.004,10.21608/jpp.2016.46944,1.0,20851
10.17265/2328-2150/2016.06.003,10.21608/jpp.2016.46944,1.0,20852
10.17977/um047v26i12019p010,10.21608/jpp.2016.46944,1.0,20853
10.17265/2328-2150/2016.03.006,10.21608/jpp.2016.46944,1.0,20854
10.15209/jpp.992,10.21608/jpp.2016.46944,1.0,20855
10.17265/2328-2150/2016.08.002,10.21608/jpp.2016.46944,1.0,20856
10.33701/jpp.v2i1.1637,10.21608/jpp.2016.46944,1.0,20857
10.17265/2328-2150/2016.10.002,10.21608/jpp.2016.46944,1.0,20858
10.15209/jpp.991,10.21608/jpp.2016.46944,1.0,20859
10.17265/2328-2150/2016.03.004,10.21608/jpp.2016.46944,1.0,20860
10.17509/jpp.v13i2.3424,10.21608/jpp.2016.46944,1.0,20861
10.17265/2328-2150/2022.11.003,10.21608/jpp.2016.46944,1.0,20862
10.17265/2328-2150/2016.02.006,10.21608/jpp.2016.46944,1.0,20863
10.17265/2328-2150/2016.08.013,10.21608/jpp.2016.46944,1.0,20864
10.17265/2328-2150/2022.10.001,10.21608/jpp.2016.46944,1.0,20865
10.17265/2328-2150/2016.01.003,10.21608/jpp.2016.46944,1.0,20866
10.17265/2328-2150/2016.08.006,10.21608/jpp.2016.46944,1.0,20867
10.17265/2328-2150/2017.10.011,10.21608/jpp.2016.46944,1.0,20868
10.17265/2328-2150/2016.01.004,10.21608/jpp.2016.46944,1.0,20869
10.24252/profetik.v10i2a1,10.21608/jpp.2016.46944,1.0,20870
10.17265/2328-2150/2017.010.012,10.21608/jpp.2016.46944,1.0,20871
10.17265/2328-2150/2016.11.007,10.21608/jpp.2016.46944,1.0,20872
10.61076/jpp.v4i1.2639,10.21608/jpp.2016.46944,1.0,20873
10.17265/2328-2150/2016.10.001,10.21608/jpp.2016.46944,1.0,20874
10.17265/2328-2150/2016.12.009,10.21608/jpp.2016.46944,1.0,20875
10.17265/2328-2150/2016.07.011,10.21608/jpp.2016.46944,1.0,20876
10.33701/jpp.v2i1.1650,10.21608/jpp.2016.46944,1.0,20877
10.23887/jppundiksha.v49i3.9016,10.21608/jpp.2016.46944,1.0,20878
10.24252/profetik.v10i1a1,10.21608/jpp.2016.46944,1.0,20879
10.21009/jppv1i2.07,10.21608/jpp.2016.46944,1.0,20880
10.17265/2328-2150/2020.10.002,10.21608/jpp.2016.46944,1.0,20881
10.61076/jpp.v4i2.3063,10.21608/jpp.2016.46944,1.0,20882
10.1002/jcd.21608,10.21608/jpp.2016.46944,1.0,20883
10.54387/jpp.v3i1.13,10.21608/jpp.2016.46944,1.0,20884
10.14203/jpp.v15i1.739,10.21608/jpp.2016.46944,1.0,20885
10.23887/jppundiksha.v49i3.9018,10.21608/jpp.2016.46944,1.0,20886
10.31957/.v4i1.1140,10.21608/jpp.2016.46944,1.0,20887
10.61076/jpp.v5i1.3432,10.21608/jpp.2016.46944,1.0,20888
10.2147/opth.s418371,10.1177/0022034516648264,1.0,20889
10.4137/bbi.s39614,10.1177/0022034516648264,1.0,20890
10.4137/bbi.s38427,10.1177/0022034516648264,1.0,20891
10.4137/bbi.s34610,10.1177/0022034516648264,1.0,20892
10.4137/bbi.s38194,10.1177/0022034516648264,1.0,20893
10.4137/grsb.s39836,10.1177/0022034516648264,1.0,20894
10.4137/bbi.s37130,10.1177/0022034516648264,1.0,20895
10.4137/bbi.s39950,10.1177/0022034516648264,1.0,20896
10.4137/bbi.s38416,10.1177/0022034516648264,1.0,20897
10.4137/bbi.s38430,10.1177/0022034516648264,1.0,20898
10.3390/coatings10121177,10.1177/0022034516648264,1.0,20899
10.4137/dti.s31565,10.1177/0022034516648264,1.0,20900
10.1149/ma2023-01101177mtgabs,10.1177/0022034516648264,1.0,20901
10.4137/bbi.s37296,10.1177/0022034516648264,1.0,20902
10.2147/ppa.s108326,10.1177/0022034516648264,1.0,20903
10.18296/cm.0175,10.1177/0022034516648264,1.0,20904
10.3390/polym10101177,10.1177/0022034516648264,1.0,20905
10.3406/homig.1994.2233,10.1177/0022034516648264,1.0,20906
10.4137/bbi.s38423,10.1177/0022034516648264,1.0,20907
10.4137/bbi.s38193,10.1177/0022034516648264,1.0,20908
10.4137/bbi.s38316,10.1177/0022034516648264,1.0,20909
10.4137/bbi.s38419,10.1177/0022034516648264,1.0,20910
10.4236/jmp.2019.1010078,10.1177/0022034516648264,1.0,20911
10.2147/opth.s99746,10.1177/0022034516648264,1.0,20912
10.2147/ppa.s121432,10.1177/0022034516648264,1.0,20913
10.4137/grsb.s40768,10.1177/0022034516648264,1.0,20914
10.2147/opth.s111322,10.1177/0022034516648264,1.0,20915
10.4137/bbi.s38378,10.1177/0022034516648264,1.0,20916
10.4137/bbi.s40427,10.1177/0022034516648264,1.0,20917
10.4137/bbi.s40628,10.1177/0022034516648264,1.0,20918
10.4137/bbi.s38191,10.1177/0022034516648264,1.0,20919
10.4137/dti.s38342,10.1177/0022034516648264,1.0,20920
10.1177/11772719221106600,10.1177/0022034516648264,1.0,20921
10.2147/opth.s116314,10.1177/0022034516648264,1.0,20922
10.22270/jddt.v13i10.6234,10.1177/0022034516648264,1.0,20923
10.3390/catal10101177,10.1177/0022034516648264,1.0,20924
10.2147/opth.s115822,10.1177/0022034516648264,1.0,20925
10.1166/mex.2020.1741,10.1177/0022034516648264,1.0,20926
10.4137/grsb.s38462,10.1177/0022034516648264,1.0,20927
10.4137/grsb.s35368,10.1177/0022034516648264,1.0,20928
10.2147/opth.s121237,10.1177/0022034516648264,1.0,20929
10.33393/dti.2016.1424,10.1177/0022034516648264,1.0,20930
10.2147/opth.s118752,10.1177/0022034516648264,1.0,20931
10.2147/dddt.s99600,10.1177/0022034516648264,1.0,20932
10.2147/ppa.s45401,10.1177/0022034516648264,1.0,20933
10.1158/1538-7445.am2023-1109,10.1158/1538-7445.am2016-1109,1.0,20934
10.1158/1538-7445.am2022-1158,10.1158/1538-7445.am2016-1109,1.0,20935
10.1158/1538-7445.am2016-1158,10.1158/1538-7445.am2016-1109,1.0,20936
10.1158/1538-7445.am2018-1158,10.1158/1538-7445.am2016-1109,1.0,20937
10.1158/1538-7445.am2021-1109,10.1158/1538-7445.am2016-1109,1.0,20938
10.1158/1538-7445.am2023-1158,10.1158/1538-7445.am2016-1109,1.0,20939
10.1158/1538-7445.panca20-ia-10,10.1158/1538-7445.am2016-1109,1.0,20940
10.1158/1538-7445.am2016-2488,10.1158/1538-7445.am2016-1109,1.0,20941
10.1158/1538-7445.am2016-634,10.1158/1538-7445.am2016-1109,1.0,20942
10.1158/1538-7445.am2023-10,10.1158/1538-7445.am2016-1109,1.0,20943
10.1158/1538-7445.sabcs15-p5-10-04,10.1158/1538-7445.am2016-1109,1.0,20944
10.1158/1538-7445.am2020-10,10.1158/1538-7445.am2016-1109,1.0,20945
10.1158/0008-5472.can-21-0885,10.1158/1538-7445.am2016-1109,1.0,20946
10.1158/1538-7445.sabcs18-p6-16-10,10.1158/1538-7445.am2016-1109,1.0,20947
10.1158/0008-5472.can-16-0610,10.1158/1538-7445.am2016-1109,1.0,20948
10.1158/1538-7445.sabcs15-p5-10-02,10.1158/1538-7445.am2016-1109,1.0,20949
10.1158/1538-7445.sabcs21-p4-10-08,10.1158/1538-7445.am2016-1109,1.0,20950
10.1158/1538-7445.sabcs18-p4-10-04,10.1158/1538-7445.am2016-1109,1.0,20951
10.1158/0008-5472.can-21-3863,10.1158/1538-7445.am2016-1109,1.0,20952
10.1158/1538-7445.am2018-784,10.1158/1538-7445.am2016-1109,1.0,20953
10.1158/1538-7445.am2020-4760,10.1158/1538-7445.am2016-1109,1.0,20954
10.1158/1538-7445.am2017-5049,10.1158/1538-7445.am2016-1109,1.0,20955
10.1158/1538-7445.sabcs15-p1-09-10,10.1158/1538-7445.am2016-1109,1.0,20956
10.1158/1538-7445.sabcs21-p5-10-08,10.1158/1538-7445.am2016-1109,1.0,20957
10.1158/0008-5472.can-16-1142,10.1158/1538-7445.am2016-1109,1.0,20958
10.1158/1538-7445.sabcs15-p6-10-11,10.1158/1538-7445.am2016-1109,1.0,20959
10.1158/1538-7445.sabcs15-p4-10-03,10.1158/1538-7445.am2016-1109,1.0,20960
10.1158/1538-7445.sabcs22-p1-10-06,10.1158/1538-7445.am2016-1109,1.0,20961
10.1158/1538-7445.sabcs17-p3-10-08,10.1158/1538-7445.am2016-1109,1.0,20962
10.1158/1538-7445.sabcs20-ps19-10,10.1158/1538-7445.am2016-1109,1.0,20963
10.1158/1538-7445.sabcs19-p3-10-17,10.1158/1538-7445.am2016-1109,1.0,20964
10.1080/0267257x.2017.1337385,10.1158/1538-7445.am2016-1109,1.0,20965
10.1158/1538-7445.sabcs22-p6-14-10,10.1158/1538-7445.am2016-1109,1.0,20966
10.1158/1538-7445.am2019-220,10.1158/1538-7445.am2016-1109,1.0,20967
10.1158/1538-7445.sabcs19-p3-10-20,10.1158/1538-7445.am2016-1109,1.0,20968
10.1158/1538-7445.sabcs22-p1-10-01,10.1158/1538-7445.am2016-1109,1.0,20969
10.1158/1538-7445.sabcs21-p5-05-10,10.1158/1538-7445.am2016-1109,1.0,20970
10.1158/1538-7445.sabcs18-ot2-10-01,10.1158/1538-7445.am2016-1109,1.0,20971
10.1158/1538-7445.am2017-1543,10.1158/1538-7445.am2016-1109,1.0,20972
10.1158/0008-5472.can-22-0819,10.1158/1538-7445.am2016-1109,1.0,20973
10.1158/0008-5472.can-23-0523,10.1158/1538-7445.am2016-1109,1.0,20974
10.1158/1538-7445.sabcs18-p4-10-15,10.1158/1538-7445.am2016-1109,1.0,20975
10.1158/1538-7445.sabcs18-p4-10-12,10.1158/1538-7445.am2016-1109,1.0,20976
10.1158/1538-7445.sabcs15-p1-10-23,10.1158/1538-7445.am2016-1109,1.0,20977
10.1158/1538-7445.sabcs17-p1-10-16,10.1158/1538-7445.am2016-1109,1.0,20978
10.1158/1538-7445.sabcs15-p4-10-14,10.1158/1538-7445.am2016-1109,1.0,20979
10.1158/1538-7445.sabcs21-ot2-10-01,10.1158/1538-7445.am2016-1109,1.0,20980
10.1158/1538-7445.sabcs18-p4-10-09,10.1158/1538-7445.am2016-1109,1.0,20981
10.1158/1538-7445.sabcs17-p4-10-19,10.1158/1538-7445.am2016-1109,1.0,20982
10.1093/ptj/76.10.1109,10.1158/1538-7445.am2016-1109,1.0,20983
10.1158/0008-5472.can-19-0798,10.1158/1538-7445.am2016-1109,1.0,20984
10.1158/1538-7445.am2016-4009,10.1158/1538-7445.am2016-1109,1.0,20985
10.1158/1538-7445.sabcs21-p4-10-21,10.1158/1538-7445.am2016-1109,1.0,20986
10.1158/1538-7445.sabcs21-p4-04-10,10.1158/1538-7445.am2016-1109,1.0,20987
10.1158/1538-7445.sabcs15-p6-10-08,10.1158/1538-7445.am2016-1109,1.0,20988
10.1158/1538-7445.sabcs21-p2-10-06,10.1158/1538-7445.am2016-1109,1.0,20989
10.1158/1538-7445.sabcs22-p6-10-17,10.1158/1538-7445.am2016-1109,1.0,20990
10.1158/1538-7445.sabcs16-p3-10-12,10.1158/1538-7445.am2016-1109,1.0,20991
10.1158/1538-7445.sabcs19-p5-14-21,10.1158/1538-7445.am2016-1109,1.0,20992
10.1158/1538-7445.sabcs21-pd3-10,10.1158/1538-7445.am2016-1109,1.0,20993
10.1158/1538-7445.sabcs15-p4-10-10,10.1158/1538-7445.am2016-1109,1.0,20994
10.1158/1538-7445.am2017-139,10.1158/1538-7445.am2016-1109,1.0,20995
10.1158/0008-5472.can-21-0807,10.1158/1538-7445.am2016-1109,1.0,20996
10.1158/1538-7445.sabcs19-p2-10-14,10.1158/1538-7445.am2016-1109,1.0,20997
10.1158/1538-7445.sabcs22-p4-03-10,10.1158/1538-7445.am2016-1109,1.0,20998
10.1158/1538-7445.sabcs15-p1-10-15,10.1158/1538-7445.am2016-1109,1.0,20999
10.1158/1538-7445.sabcs22-p3-11-10,10.1158/1538-7445.am2016-1109,1.0,21000
10.12988/ijma.2016.6463,10.12988/ijma.2016.6795,1.0,21001
10.12988/ijma.2016.610118,10.12988/ijma.2016.6795,1.0,21002
10.12988/ijma.2016.6339,10.12988/ijma.2016.6795,1.0,21003
10.12988/ijma.2016.610112,10.12988/ijma.2016.6795,1.0,21004
10.12988/ijma.2016.6468,10.12988/ijma.2016.6795,1.0,21005
10.12988/ijma.2016.617,10.12988/ijma.2016.6795,1.0,21006
10.12988/ijma.2016.6694,10.12988/ijma.2016.6795,1.0,21007
10.12988/ijma.2016.6235,10.12988/ijma.2016.6795,1.0,21008
10.12988/ijma.2016.6221,10.12988/ijma.2016.6795,1.0,21009
10.12988/ijma.2016.69109,10.12988/ijma.2016.6795,1.0,21010
10.12988/ijma.2016.6899,10.12988/ijma.2016.6795,1.0,21011
10.15366/secuencias1999.10.001,10.12988/ijma.2016.6795,1.0,21012
10.12988/ijma.2016.66870,10.12988/ijma.2016.6795,1.0,21013
10.15366/secuencias1999.10.004,10.12988/ijma.2016.6795,1.0,21014
10.12988/ijma.2016.6687,10.12988/ijma.2016.6795,1.0,21015
10.12988/ijma.2016.6581,10.12988/ijma.2016.6795,1.0,21016
10.12988/ijma.2016.6469,10.12988/ijma.2016.6795,1.0,21017
10.12988/ijma.2016.68103,10.12988/ijma.2016.6795,1.0,21018
10.12988/ijma.2016.510258,10.12988/ijma.2016.6795,1.0,21019
10.12988/ijma.2016.610113,10.12988/ijma.2016.6795,1.0,21020
10.12988/ijma.2016.512303,10.12988/ijma.2016.6795,1.0,21021
10.12988/ijma.2016.6684,10.12988/ijma.2016.6795,1.0,21022
10.12988/ijma.2016.68104,10.12988/ijma.2016.6795,1.0,21023
10.15366/secuencias1999.10.003,10.12988/ijma.2016.6795,1.0,21024
10.12988/ijma.2016.510269,10.12988/ijma.2016.6795,1.0,21025
10.12988/ijma.2016.6470,10.12988/ijma.2016.6795,1.0,21026
10.15366/secuencias1999.10.002,10.12988/ijma.2016.6795,1.0,21027
10.12988/ijma.2016.59242,10.12988/ijma.2016.6795,1.0,21028
10.12988/ijma.2016.511282,10.12988/ijma.2016.6795,1.0,21029
10.12988/ijma.2016.6225,10.12988/ijma.2016.6795,1.0,21030
10.12988/ijma.2016.6692,10.12988/ijma.2016.6795,1.0,21031
10.12988/ijma.2016.511275,10.12988/ijma.2016.6795,1.0,21032
10.12988/ijma.2016.6572,10.12988/ijma.2016.6795,1.0,21033
10.12988/ijma.2016.6683,10.12988/ijma.2016.6795,1.0,21034
10.12988/ijma.2016.619,10.12988/ijma.2016.6795,1.0,21035
10.12988/ijma.2016.6218,10.12988/ijma.2016.6795,1.0,21036
10.12988/ijma.2016.6351,10.12988/ijma.2016.6795,1.0,21037
10.12988/ijma.2016.511283,10.12988/ijma.2016.6795,1.0,21038
10.15366/secuencias1999.10.005,10.12988/ijma.2016.6795,1.0,21039
10.12988/ijma.2016.6343,10.12988/ijma.2016.6795,1.0,21040
10.12988/ijma.2016.6575,10.12988/ijma.2016.6795,1.0,21041
10.12988/ijma.2016.6342,10.12988/ijma.2016.6795,1.0,21042
10.12988/ijma.2016.6212,10.12988/ijma.2016.6795,1.0,21043
10.12988/ijma.2016.510265,10.12988/ijma.2016.6795,1.0,21044
10.12988/ijma.2016.6341,10.12988/ijma.2016.6795,1.0,21045
10.12988/ijma.2016.510255,10.12988/ijma.2016.6795,1.0,21046
10.1155/2016/3474503,10.12988/ijma.2016.6795,1.0,21047
10.12988/ijma.2016.69106,10.12988/ijma.2016.6795,1.0,21048
10.12988/ijma.2016.6898,10.12988/ijma.2016.6795,1.0,21049
10.12988/ijma.2016.6691,10.12988/ijma.2016.6795,1.0,21050
10.12988/ijma.2016.512307,10.12988/ijma.2016.6795,1.0,21051
10.12988/ijma.2016.6340,10.12988/ijma.2016.6795,1.0,21052
10.12988/ijma.2016.6796,10.12988/ijma.2016.6795,1.0,21053
10.12988/ijma.2016.6230,10.12988/ijma.2016.6795,1.0,21054
10.12988/ijma.2016.69110,10.12988/ijma.2016.6795,1.0,21055
10.12988/ijma.2016.6213,10.12988/ijma.2016.6795,1.0,21056
10.12988/ijma.2016.6228,10.12988/ijma.2016.6795,1.0,21057
10.12988/ijma.2016.511293,10.12988/ijma.2016.6795,1.0,21058
10.12988/ijma.2016.6578,10.12988/ijma.2016.6795,1.0,21059
10.12988/ijma.2016.6682,10.12988/ijma.2016.6795,1.0,21060
10.15366/secuencias1999.10.006,10.12988/ijma.2016.6795,1.0,21061
10.12988/ijma.2016.59227,10.12988/ijma.2016.6795,1.0,21062
10.12988/ijma.2016.610114,10.12988/ijma.2016.6795,1.0,21063
10.12988/ijma.2016.6344,10.12988/ijma.2016.6795,1.0,21064
10.12988/ijma.2016.6574,10.12988/ijma.2016.6795,1.0,21065
10.12988/ijma.2016.618,10.12988/ijma.2016.6795,1.0,21066
10.12988/ijma.2016.512296,10.12988/ijma.2016.6795,1.0,21067
10.12988/ijma.2016.6688,10.12988/ijma.2016.6795,1.0,21068
10.12988/ijma.2016.6219,10.12988/ijma.2016.6795,1.0,21069
10.12988/ijma.2016.6349,10.12988/ijma.2016.6795,1.0,21070
10.1111/jce.12988,10.12988/ijma.2016.6795,1.0,21071
10.12988/ijma.2016.68102,10.12988/ijma.2016.6795,1.0,21072
10.12988/ijma.2016.6355,10.12988/ijma.2016.6795,1.0,21073
10.12988/ijma.2016.6357,10.12988/ijma.2016.6795,1.0,21074
10.1088/1748-0221/18/10/c10020,10.1097/meg.0000000000000695,1.0,21075
10.1212/cpj.0000000000000695,10.1097/meg.0000000000000695,1.0,21076
10.1093/brain/awz281,10.1097/meg.0000000000000695,1.0,21077
10.22323/1.282.0551,10.1097/meg.0000000000000695,1.0,21078
10.15694/mep.2021.000169.1,10.1097/meg.0000000000000695,1.0,21079
10.1002/hbm.25582,10.1097/meg.0000000000000695,1.0,21080
10.22323/1.274.0021,10.1097/meg.0000000000000695,1.0,21081
10.54160/epilepsie.11429,10.1097/meg.0000000000000695,1.0,21082
10.1097/01.numa.0000617044.57943.e1,10.1097/meg.0000000000000695,1.0,21083
10.5617/adno.2342,10.1097/meg.0000000000000695,1.0,21084
10.15844/pedneurbriefs-13-10-2,10.1097/meg.0000000000000695,1.0,21085
10.24926/ijps.v10i1.5348,10.1097/meg.0000000000000695,1.0,21086
10.22503/inftars.xviii.2018.2.8,10.1097/meg.0000000000000695,1.0,21087
10.22323/1.369.0081,10.1097/meg.0000000000000695,1.0,21088
10.1002/jcb.29293,10.1097/meg.0000000000000695,1.0,21089
10.22323/1.402.0120,10.1097/meg.0000000000000695,1.0,21090
10.1109/tensymp50017.2020.9230860,10.1097/meg.0000000000000695,1.0,21091
10.1212/nxi.0000000000000695,10.1097/meg.0000000000000695,1.0,21092
10.58809/gykw8231,10.1097/meg.0000000000000695,1.0,21093
10.3390/brainsci12101404,10.1097/meg.0000000000000695,1.0,21094
10.1101/2021.03.22.435762,10.1097/meg.0000000000000695,1.0,21095
10.22323/1.314.0689,10.1097/meg.0000000000000695,1.0,21096
10.21468/scipostphysproc.1.040,10.1097/meg.0000000000000695,1.0,21097
10.3389/fnana.2016.00067,10.1097/meg.0000000000000695,1.0,21098
10.22323/1.390.0384,10.1097/meg.0000000000000695,1.0,21099
10.1002/joc.7110,10.1097/meg.0000000000000695,1.0,21100
10.1002/cncr.33871,10.1097/meg.0000000000000695,1.0,21101
10.1002/hbm.24990,10.1097/meg.0000000000000695,1.0,21102
10.1109/tencon.2017.8228292,10.1097/meg.0000000000000695,1.0,21103
10.21236/ada628773,10.1097/meg.0000000000000695,1.0,21104
10.1101/2022.01.28.478237,10.1097/meg.0000000000000695,1.0,21105
10.1515/coma-2022-0143,10.37394/232019.2023.10.1,1.0,21106
10.3390/sports11100202,10.37394/232019.2023.10.1,1.0,21107
10.3389/fped.2022.938139,10.37394/232019.2023.10.1,1.0,21108
10.1136/bcr-2019-232019,10.37394/232019.2023.10.1,1.0,21109
10.1248/yakushi.23-00024,10.37394/232019.2023.10.1,1.0,21110
10.5020/23172150.2012.6-10,10.37394/232019.2023.10.1,1.0,21111
10.1088/2053-1591/acc7e2,10.37394/232019.2023.10.1,1.0,21112
10.1111/dom.15191,10.37394/232019.2023.10.1,1.0,21113
10.1177/23259671231200844,10.37394/232019.2023.10.1,1.0,21114
10.1242/jeb.184697,10.37394/232019.2023.10.1,1.0,21115
10.3390/app10155296,10.37394/232019.2023.10.1,1.0,21116
10.51202/0947-7527-2023-10-010,10.37394/232019.2023.10.1,1.0,21117
10.1159/000532034,10.37394/232019.2023.10.1,1.0,21118
10.51202/0947-7527-2023-10-010-1,10.37394/232019.2023.10.1,1.0,21119
10.1093/oxfordjournals.eurheartj.a061571,10.37394/232019.2023.10.1,1.0,21120
10.1109/access.2022.3204045,10.37394/232019.2023.10.1,1.0,21121
10.5752/p.1983-2478.2015v10n17p99,10.37394/232019.2023.10.1,1.0,21122
10.5752/p.1983-2478.2015v10n17p178,10.37394/232019.2023.10.1,1.0,21123
10.5020/23172150.2012.1-5,10.37394/232019.2023.10.1,1.0,21124
10.1093/clinchem/30.10.1682,10.37394/232019.2023.10.1,1.0,21125
10.5020/23172150.2012.1-10,10.37394/232019.2023.10.1,1.0,21126
10.3389/fcvm.2023.1131282,10.37394/232019.2023.10.1,1.0,21127
10.17010/ijom/2021/v51/i10/166438,10.37394/232019.2023.10.1,1.0,21128
10.1039/c9ra06459a,10.37394/232019.2023.10.1,1.0,21129
10.14483/25909398.20368,10.37394/232019.2023.10.1,1.0,21130
10.51202/1869-9707-2023-16-010,10.37394/232019.2023.10.1,1.0,21131
10.51202/1869-9707-2023-8-010-1,10.37394/232019.2023.10.1,1.0,21132
10.51202/0342-3743-2023-3-010,10.37394/232019.2023.10.1,1.0,21133
10.51202/1869-9707-2023-1-010-1,10.37394/232019.2023.10.1,1.0,21134
10.51202/1869-9707-2023-12-010-1,10.37394/232019.2023.10.1,1.0,21135
10.5752/p.1983-2478.2015v10n17p79,10.37394/232019.2023.10.1,1.0,21136
10.1109/access.2022.3187995,10.37394/232019.2023.10.1,1.0,21137
10.51202/1869-9707-2023-14-010,10.37394/232019.2023.10.1,1.0,21138
10.37697/eskiyeni.1320604,10.37394/232019.2023.10.1,1.0,21139
10.2169/internalmedicine.55.5762,10.1299/jamdsm.2016jamdsm0036,1.0,21140
10.1299/jamdsm.2016jamdsm0077,10.1299/jamdsm.2016jamdsm0036,1.0,21141
10.1299/jamdsm.2016jamdsm0099,10.1299/jamdsm.2016jamdsm0036,1.0,21142
10.1299/jamdsm.2016jamdsm0037,10.1299/jamdsm.2016jamdsm0036,1.0,21143
10.1299/jamdsm.2016jamdsm0014,10.1299/jamdsm.2016jamdsm0036,1.0,21144
10.1299/jamdsm.2016jamdsm0001,10.1299/jamdsm.2016jamdsm0036,1.0,21145
10.1299/jamdsm.2016jamdsm0082,10.1299/jamdsm.2016jamdsm0036,1.0,21146
10.1299/jamdsm.2016jamdsm0010,10.1299/jamdsm.2016jamdsm0036,1.0,21147
10.1002/cpz1.577,10.1299/jamdsm.2016jamdsm0036,1.0,21148
10.1299/jamdsm.2016jamdsm0048,10.1299/jamdsm.2016jamdsm0036,1.0,21149
10.1299/jamdsm.2016jamdsm0021,10.1299/jamdsm.2016jamdsm0036,1.0,21150
10.1002/cpz1.578,10.1299/jamdsm.2016jamdsm0036,1.0,21151
10.1299/jamdsm.2016jamdsm0015,10.1299/jamdsm.2016jamdsm0036,1.0,21152
10.1299/jamdsm.2016jamdsm0056,10.1299/jamdsm.2016jamdsm0036,1.0,21153
10.1299/jamdsm.2016jamdsm0042,10.1299/jamdsm.2016jamdsm0036,1.0,21154
10.1299/jamdsm.2016jamdsm0002,10.1299/jamdsm.2016jamdsm0036,1.0,21155
10.1299/jamdsm.2016jamdsm0083,10.1299/jamdsm.2016jamdsm0036,1.0,21156
10.1299/jamdsm.2016jamdsm0020,10.1299/jamdsm.2016jamdsm0036,1.0,21157
10.1299/jamdsm.2016jamdsm0095,10.1299/jamdsm.2016jamdsm0036,1.0,21158
10.1299/jamdsm.2016jamdsm0035,10.1299/jamdsm.2016jamdsm0036,1.0,21159
10.1299/jamdsm.2016jamdsm0066,10.1299/jamdsm.2016jamdsm0036,1.0,21160
10.1299/jamdsm.2016jamdsm0039,10.1299/jamdsm.2016jamdsm0036,1.0,21161
10.1299/jamdsm.2016jamdsm0043,10.1299/jamdsm.2016jamdsm0036,1.0,21162
10.1299/jamdsm.2016jamdsm0087,10.1299/jamdsm.2016jamdsm0036,1.0,21163
10.1299/jamdsm.2016jamdsm0105,10.1299/jamdsm.2016jamdsm0036,1.0,21164
10.1299/jamdsm.2016jamdsm0003,10.1299/jamdsm.2016jamdsm0036,1.0,21165
10.1299/jamdsm.2016jamdsm0085,10.1299/jamdsm.2016jamdsm0036,1.0,21166
10.1299/jamdsm.2016jamdsm0076,10.1299/jamdsm.2016jamdsm0036,1.0,21167
10.1299/jamdsm.2016jamdsm0098,10.1299/jamdsm.2016jamdsm0036,1.0,21168
10.1002/cpz1.270,10.1299/jamdsm.2016jamdsm0036,1.0,21169
10.1299/jamdsm.2016jamdsm0101,10.1299/jamdsm.2016jamdsm0036,1.0,21170
10.1299/jamdsm.2016jamdsm0028,10.1299/jamdsm.2016jamdsm0036,1.0,21171
10.1299/jamdsm.2016jamdsm0032,10.1299/jamdsm.2016jamdsm0036,1.0,21172
10.1299/jamdsm.2016jamdsm0031,10.1299/jamdsm.2016jamdsm0036,1.0,21173
10.1299/jamdsm.2016jamdsm0088,10.1299/jamdsm.2016jamdsm0036,1.0,21174
10.1299/jamdsm.2016jamdsm0097,10.1299/jamdsm.2016jamdsm0036,1.0,21175
10.1002/cpz1.897,10.1299/jamdsm.2016jamdsm0036,1.0,21176
10.1299/jamdsm.2016jamdsm0047,10.1299/jamdsm.2016jamdsm0036,1.0,21177
10.1299/jamdsm.2016jamdsm0100,10.1299/jamdsm.2016jamdsm0036,1.0,21178
10.1299/jamdsm.2016jamdsm0018,10.1299/jamdsm.2016jamdsm0036,1.0,21179
10.1299/jamdsm.2016jamdsm0089,10.1299/jamdsm.2016jamdsm0036,1.0,21180
10.1299/jamdsm.2016jamdsm0107,10.1299/jamdsm.2016jamdsm0036,1.0,21181
10.1299/jamdsm.2016jamdsm0092,10.1299/jamdsm.2016jamdsm0036,1.0,21182
10.1299/jamdsm.2016jamdsm0044,10.1299/jamdsm.2016jamdsm0036,1.0,21183
10.1299/jamdsm.2016jamdsm0073,10.1299/jamdsm.2016jamdsm0036,1.0,21184
10.1299/jamdsm.2016jamdsm0062,10.1299/jamdsm.2016jamdsm0036,1.0,21185
10.1299/jamdsm.2016jamdsm0013,10.1299/jamdsm.2016jamdsm0036,1.0,21186
10.1299/jamdsm.2016jamdsm0065,10.1299/jamdsm.2016jamdsm0036,1.0,21187
10.1299/jamdsm.2016jamdsm0067,10.1299/jamdsm.2016jamdsm0036,1.0,21188
10.1299/jamdsm.2016jamdsm0017,10.1299/jamdsm.2016jamdsm0036,1.0,21189
10.1299/jamdsm.2016jamdsm0072,10.1299/jamdsm.2016jamdsm0036,1.0,21190
10.1299/jamdsm.2016jamdsm0071,10.1299/jamdsm.2016jamdsm0036,1.0,21191
10.1299/jamdsm.2016jamdsm0053,10.1299/jamdsm.2016jamdsm0036,1.0,21192
10.1299/jamdsm.2016jamdsm0093,10.1299/jamdsm.2016jamdsm0036,1.0,21193
10.1002/cpz1.256,10.1299/jamdsm.2016jamdsm0036,1.0,21194
10.1002/cpz1.910,10.1299/jamdsm.2016jamdsm0036,1.0,21195
10.1002/cpz1.912,10.1299/jamdsm.2016jamdsm0036,1.0,21196
10.1002/cpz1.269,10.1299/jamdsm.2016jamdsm0036,1.0,21197
10.1299/jamdsm.2016jamdsm0049,10.1299/jamdsm.2016jamdsm0036,1.0,21198
10.1299/jamdsm.2016jamdsm0019,10.1299/jamdsm.2016jamdsm0036,1.0,21199
10.1299/jamdsm.2016jamdsm0023,10.1299/jamdsm.2016jamdsm0036,1.0,21200
10.1299/jamdsm.2016jamdsm0008,10.1299/jamdsm.2016jamdsm0036,1.0,21201
10.1299/jamdsm.2016jamdsm0075,10.1299/jamdsm.2016jamdsm0036,1.0,21202
10.1299/jamdsm.2016jamdsm0104,10.1299/jamdsm.2016jamdsm0036,1.0,21203
10.1002/cpz1.908,10.1299/jamdsm.2016jamdsm0036,1.0,21204
10.1299/jamdsm.2016jamdsm0041,10.1299/jamdsm.2016jamdsm0036,1.0,21205
10.1299/jamdsm.2016jamdsm0057,10.1299/jamdsm.2016jamdsm0036,1.0,21206
10.1002/cpz1.907,10.1299/jamdsm.2016jamdsm0036,1.0,21207
10.1299/jamdsm.2016jamdsm0050,10.1299/jamdsm.2016jamdsm0036,1.0,21208
10.17507/tpls.1010.17,10.1299/jamdsm.2016jamdsm0036,1.0,21209
10.1299/jamdsm.2016jamdsm0060,10.1299/jamdsm.2016jamdsm0036,1.0,21210
10.1299/jamdsm.2016jamdsm0079,10.1299/jamdsm.2016jamdsm0036,1.0,21211
10.1299/jamdsm.2016jamdsm0064,10.1299/jamdsm.2016jamdsm0036,1.0,21212
